dish,time,ingredients,steps,diet,meal
Eggs in Clouds,11 minutes,"1 eggs
1/16 cup    parmesan cheese, grated  (Pecorino-Romano will work)
1/16 cup    chives, chopped
1/16 cup    bacon, cooked and crumbled
pepper","Separate eggs, putting whites in 1 large bowl and yolks in 4 separate small bowls.
Whip whites until stiff peaks form.
Fold in cheese, chives and bacon.
Spoon into 4 mounds on parchment-lined baking sheet; make a deep well in center of each.
Bake at 450 degrees for 3 minutes.
Then add 1 yolk to each well; season with pepper. Bake until yolks are just set, 2 to 3 minutes.","gluten free, low oil, nut free, spicy",Breakfast
Palak Paneer (Indian Fresh Spinach With Paneer Cheese),1 hours,"1/3 (5   ounce) bags   Baby Spinach
1/6 large    onion
1/24 teaspoon    cinnamon
1/24 teaspoon    ground cardamom
1/6 teaspoon    ground ginger
1/12 teaspoon   chopped garlic
1/12 cup    chopped tomato
1/2 tablespoons    plain yogurt
1/6 tablespoon    coriander powder
1/12 teaspoon    garam masala
1/12 teaspoon    paprika
1/12 teaspoon    salt
4/3 ounces    paneer cheese, cut into cubes
1/24 cup    heavy cream","Cut spinach into shreds and cook in 3 tablespoons water until tender; remove from heat.
Saute onion, cinnamon, cardamom, and ginger in 1-2 tablespoons ghee or oil until onion is translucent.
Then add garlic and chopped tomatoes, and reduce heat.
Cook this briefly and slowly blend in yogurt a little at a time to prevent curdling.
Add coriander, garam masala, paprika, and salt, mixing well.
Add cooked spinach with liquid, cover and simmer on low heat for approximately 20-30 minutes.
Remove from heat.
Take half of spinach mixture and puree in food processor or blender, and return to mixture and stir.
Slowly stir in heavy cream, and heat through on low heat.
Add paneer cubes.
Serve.","vegetarian, gluten free, low oil, nut free, spicy, traditional",Lunch
Oven Baked  Vegetarian Samosas,55 minutes,"1/8 idaho potatoes, peeled and diced
salt
1/16 tablespoon    extra virgin olive oil
1/16 small    onion, finely chopped
1/32 jalapeno pepper, seeds and stem removed, finely chopped
1/32 inch    fresh gingerroot, peeled, grated
1/16 garlic clove, finely chopped
1/16 teaspoon    ground coriander
1/8 teaspoons    curry powder
1/16 teaspoon    ground cumin
1/32 teaspoon    ground allspice
1/128 teaspoon    cinnamon
black pepper
1/16 roma tomato, seeded, finely chopped  (plum tomato)
1/64 cup    frozen peas
1/64 -1/2  cup    vegetable stock
flour, for rolling dough
1/8 nine inch rounds refrigerated ready made pie dough
1/16 egg, beaten with a splash of water
1/16 bunch    fresh mint leaves
1/16 bunch    fresh cilantro leaves
1/16 jalapeno pepper, seeds and stem removed
1/16 teaspoon    sugar
1/8 limes, juice of
1/16 tablespoon    extra virgin olive oil
1/16 garlic clove
1/16 inch    fresh gingerroot","Preheat oven to 400*F.
Cook the potatoes in a large pan of boiling salted water until tender, 5-7 minutes. Drain and reserve in the same pot you cooked them inches.
Heat the oil in a large skillet over medium high heat. Add the onions and cook until soft, 5 minutes, then addd the jalapeno, ginger, garlic, coriander, curry powder, cumin, allspice, cinnamon, and salt and pepper. Cook for about 3 minutes more. Stir in the drained potatoes, tomato, and peas. Cook for another minute. Stir in enough of the stock to moisten the mixture, then remove it from the heat and let cool.
On a lightly floured surface, unroll ;the pie dough. Cut each dough round into 8 equal wedges, like a pizza. Spoon 1 tbls. of the potato filling onto the middle of each wedge. Brush the edges of the dough with the egg wash and fold up, bringing the three points together over the filling, then pinching at the seams to form a small pyramid. Transfer to a baking sheet and brush the samosas with the egg wash. Bake 15-20 minutes, until golden brown.
While the samosas bake, make the dipping sauce:.
Combine the mint, cilantro, jalapeno, sugar, salt, lime juice, 1 tbls. water, and the oil in the bowl of a food processor. Grate the garlic and ginger directly into the bowl, then puree until smooth. Transfer to a small serving bowl.
Serve the samosas hot out of the oven with the mint cilatro dipping sauce.","gluten free, dairy free, nut free, spicy, traditional",Lunch
Onion  Bhaji,20 minutes,"2/3 ounces    gram flour (chickpea flour)
1/24 teaspoon    chili powder
1/12 teaspoon    turmeric
1/12 teaspoon    baking powder
1/24 teaspoon    fennel seed
1/24 teaspoon    onion seeds
1/24 teaspoon    cumin seed
1/6 large    onions, sliced
1/4 green chilies, finely chopped
1/12 cup    fresh coriander leaves, chopped
water
oil (for deep frying)","Sift the flour, chilli powder, turmeric, baking powder and salt together in a bowl. Get as much air into it as possible.
Crush the seeds in mortar and pestle, add to the bowl.
Now add the green chilli, onions and the chopped coriander. Mix in some water to make a thick batter that holds the ingredients together.
Heat the oil in a wok. Drop spoonfulls of the batter into the oil and fry till golden brown. Place on kitchen paper to allow the excess oil to run off.
These can be eaten as they are or with a dip.","vegetarian, vegan, gluten free, dairy free, low oil, nut free, spicy, traditional",Lunch
Gulab Jamun (Indian Milk Balls),50 minutes,"1/4 cup    powdered milk
1/8 cup    all-purpose flour
1/8 teaspoon    baking soda
1/2 tablespoons    butter (melted)
milk (just enough to make the dough)
1/2 cups    sugar
1/4 cup    water
1 -5       cardamom pods
3/4 -5       saffron threads
oil (for frying)","Dough:.
Make the dough by combining the milk powder, flour, butter. Add just enough whole milk to make a medium-hard dough. Divide the dough into 18-20 portions.
Make balls by gently rolling each portion between your palms into a smooth ball. Place the balls on a plate. Cover with a damp yet dry kitchen towel.
Heat the oil on high and then lower the heat to medium. Slip in the balls into the hot oil from the side of the pan, one by one. They will sink to the bottom of the pan, but do not try to move them. Instead, gently shake the pan to keep the balls from browning on just one side.
After about 5 mins, the balls will rise to the surface. The Gulab Jamuns should rise slowly to the top if the temperature is just right. Now they must be gently and constantly agitated to ensure even browning on all sides.
If the temperature of the oil is too high then the gulab jamuns will tend to break. So adjust the temperature to ensure that the gulab jamuns do not break or cook too quickly.
The balls must be fried very slowly under medium temperatures. This will ensure complete cooking from inside and even browning.
Sugar Syrup:.
The syrup should be made earlier and kept warm. To make the hot sugar syrup add mix the 2 cups of sugar to 1 cup of water. Add 4-5 cardamom pods, slightly crushed and a few strands of Kesar (Saffron).
Mix with a spoon and then heat at medium heat for 5-10 minutes until sugar is all dissolved in water. Do not overheat, that will caramelize the sugar.
Transfer this hot syrup into a serving dish. Keep warm on stove. Add the fried gulab jamuns directly into the warm syrup. Leave gulab jamun balls in sugar syrup overnight for best results. They can be served warm or at room temperature.","vegetarian, gluten free, nut free, mild, traditional",Dinner
Mango Mint Chutney,1 hours 15 minutes,"1/2 tablespoons    extra virgin olive oil
1/4 small    yellow onion, diced
1/4 pinch    red chili pepper flakes
1/2 teaspoons   finely chopped ginger
1/2 lbs   ripe mangoes, peeled and cut into 1-inch pieces
1/2 teaspoons   yellow curry powder (Madras)
1/2 tablespoons    honey
1/2 tablespoons    white wine vinegar
1/4 cup    water
zest of half a lemon
1/12 cup    mint, chopped","To make the chutney, heat 2 tablespoons olive oil a medium sauce pan over medium heat. Add onions and cook until golden and caramelized, about 8-10 minutes. Stir in chili flakes, ginger, mango, curry powder, honey, white wine vinegar and water.
Bring mixture to a boil, reduce to a simmer and cook until liquid has reduced by half and chutney has thickened, about 25-30 minutes. Remove from heat and stir in lemon zest and mint. Allow to cool to room temperature, then transfer to a jar and seal it tightly before refrigerating.","vegetarian, vegan, gluten free, dairy free, low oil, nut free, spicy",Lunch
Puran Poli,1 hours,"3/8 cups   stone-ground durum whole wheat flour, sifted, plus extra for dredging
3/16 cups    water, for binding
1/32 teaspoon    salt
1/16 teaspoon    oil
1/4 -5   tablespoons    ghee
1/4 tablespoons    ghee
1/16 cup   split pigeon peas, cooked in 1 cup water until softened
1/16 cup    sugar (to taste)
3/8 -4       green cardamom pods, seeded and finely powdered
1/4 -3       saffron strands
1/32 teaspoon   grated nutmeg","Method: Filling.
Warm two tablespoons of ghee in a nonstick saucepan. As it melts, add the cooked pigeon peas, and stir until the water evaporates and the mixture thickens. Continually scrape the sides of the saucepan to ensure even distribution of heat or else the daal will burn. Add half the sugar and stir it in well. Adjust to desired sweetness. Reduce the heat and continue to thicken until the mashed pigeon peas resemble mashed potatoes. Add the crushed cardamom powder, saffron and nutmeg, stir well and portion into eight pieces. This filling can be made up to 3 days in advance, and stored in the fridge until ready to use. Bring it to room temperature to ease the rolling process.
Method: Dough.
Using a food processor fitted with an S blade or in a large bowl, combine the flour with salt and enough water to make a firm dough. The dough should be firm but not hard, moist but not wet, and similar in consistency of modeling clay. Carefully knead the oil into the dough and cover with a clear wrap or lid until ready to roll.
Method: Rolling &amp; Cooking.
Start by rolling out a single ball of dough into a flat disk, as one would begin a paratha, no more than 5&rdquo; diameter. Place the mashed sweetened pigeon peas mash, puran, in the center, pinch the dough and fold over the ball to cover the ball completely, like a dumpling. Ensure the seams are sealed. Lightly flatten this in the palm of your hand. Dredge the ball in dry flour and begin to roll again, this time very lightly to ensure the filling does not spill out. Roll to make an 8&rdquo; poli using dry flour to dust as needed. When sufficiently rolled, dust off excess flour.
Heat a shallow nonstick pan on medium-high heat. When ready to place a Puran poli in the pan, turn it down to medium heat. The side that hits the pan first is the first side. Watch the dough bubble slightly and move it around in the pan without flipping it over. Turn the Puran poli over approximately 1 minute later. The first side should be lightly spotted but not have dark spots. If this happens too quickly, reduce the heat. Repeat on the second side, and while the second side cooks, lightly baste the first side of the with ghee. Using a spatula, flip the paratha and repeat the basting. Both sides should have ghee&mdash;cooked once without ghee and once with ghee. Remove from heat and cover with a paper towel or a colander to help the steam evaporate. Once they have come to room temperature, the Puran Poli can be transferred to an appropriate storage container.","vegetarian, nut free, mild, traditional",Dinner
Ginger Lemonade Sekanji,15 minutes,"1 cups    water, divided
3/16 cup    sugar
1/4 teaspoon    rock salt, just a teaspoon of salt will work
1/2 teaspoons    ginger, crushed
1/8 teaspoon    cumin, more if you wish, recipe said 1 teaspoon
1/4 cup    lemon juice
mint, for garnish","Boil 1 cup water with sugar, rock salt, ginger, and cumin to make a simple syrup.
Add remaining water and lemon juice.
Chill to ice cold.
Pour over ice or blend with ice.","vegetarian, vegan, gluten free, dairy free, low oil, nut free, mild, traditional",Breakfast
Chicken Tikka Tomato Masala,1 hours 45 minutes,"1/3 lb    boneless chicken breast, cut into 1-inch cubes
1/3 tablespoon    lemon juice
1/6 teaspoon    red chili powder (preferably kashmiri type)
4/3 tablespoons    yogurt
2/3 tablespoons    double cream
1/3 tablespoon    tomato paste
1/3 tablespoon    lemon juice
1/3 tablespoon    mustard oil
1/3 teaspoon    garlic paste
1/3 teaspoon    ginger paste
1/3 teaspoon    coriander seed
1/3 teaspoon    cumin seed
1/3 teaspoon    paprika
1/6 teaspoon    garam masala
1/6 teaspoon    dried fenugreek leaves, crushed  (kasoori methi)
salt
2 tablespoons    ghee (clarified butter)
1/2 teaspoons    coriander seeds
5/3 cm    cinnamon sticks
2/3 bay leaves
4/3 cloves
4/3 green cardamom pods, slightly crushed
4/3 black peppercorns
7/12 lbs    tomatoes, cut in half
2 tablespoons    ghee
4/3 ounces    onions, finely chopped
1/3 ounce    blanched almond, toasted almonds
2/3 tablespoons    desiccated coconut
1/3 tablespoon    double cream
1/3 teaspoon    garlic paste
1/3 teaspoon    ginger paste
2/3 green chilies, finely chopped
1/6 teaspoon    turmeric
1/6 teaspoon    paprika
1/6 teaspoon    ground cumin
1/3 tablespoon    tomato paste
2/3 -3   teaspoons    honey
1/3 processed cheese slice
2 tablespoons    double cream
1/3 teaspoon    dried fenugreek leaves, crushed
1/6 teaspoon    garam masala
salt
2/3 tablespoons    coriander leaves, finely chopped","Mix ingredients for the first marinade. Add chicken pieces and marinate for 25-30 minutes. Dry-roast coriander seeds in frying pan over a medium-high heat for 2 minutes. Add cumin seeds and dry-roast for 30 seconds. Grind these spices in blender, or mortar &amp; pestle, then mix them in non-metallic bowl with other ingredients for second marinade. Salt to taste, and add chicken pieces. Marinate in the refrigerator for at least 6 hours or overnight.
Thread the marinated chicken pieces onto metal or pre-soaked wooden skewers. Pre-heat a grill, chargrill or grill pan to hot. Grill the skewered chicken, turning a few times, so that the chicken gets cooked evenly from all sides. Remove the chicken from the grill. Take the pieces off the skewers and place on a plate.
For tomato masala heat ghee, or oil in frying pan. When the ghee is ready, turn the heat to medium-high and fry coriander seeds and cinnamon stick for 1 minute. Add bay leaves, cloves, green cardamoms and black peppercorns, and fry for 1 more minute. Now add halfed tomatoes and stir for 2-3 minutes. Add 125 ml of hot water, bring to the boil, reduce the heat to medium, and cover with a lid. After 20 minutes remove skin from the tomatoes and continue to simmer until the tomatoes have completely disintegrated. Now remove the cinnamon stick and bay leaves from tomato masala and blend it with a hand-held blender and pass it through a sieve to obtain smooth puree. Set this masala aside.
For the gravy heat the ghee in frying pan. When the ghee is hot, add the onions and reduce the heat to medium. Fry for 10-15 minutes, or until onions are tender and golden. 
In the meantime, put almonds and desiccated coconut in blender and grind to powder. Now grind this almond-coconut powder with double cream and a little water to make a fine paste.
When the onions are golden add garlic, ginger, and green chillies, and fry for 1 minute. Then add turmeric, paprika  and cumin and saute for 30 seconds. Put in the tomato masala, almond-coconut paste, tomato paste, honey and 125 ml of hot water. Cook for 10 minutes, or until sauce starts to thicken. Remove the curry sauce from the heat, and blend it again with the hand-held blender until smooth. Return to a clean pan, reheat again and add cheddar cheese. When the cheese is melted, slowly whisk in the cream. Add dry fenugreek leaves, garam masala and salt to taste. Put in the chicken pieces and stir for 3-4 minutes over medium heat.
To finish the dish, stir in the chopped coriander leaves. Serve with naan bread or pilau rice.","gluten free, spicy, traditional",Dinner
Naan,40 minutes,"2/5 cups    flour
1/10 teaspoon    baking powder
1/10 teaspoon    salt
1/5 cups    plain low-fat yogurt","Mix together flour, baking powder and salt.
Stir in the yogurt till the dough is too stiff for a spoon, then knead it in the bowl till it holds together well, adding more flour if necessary.
Turn it out on a floured surface and continue kneading for about 5 minutes till the dough feels smooth and elastic.
Form the dough into a ball and put it in an oiled bowl, covered with a towel, to rest for an hour or longer.
Take the dough out and cut it into 10 equal pieces. Form each into a ball and press the balls flat into round discs.
Heat a large frying pan or griddle, either seasoned cast iron or a good non-stick finish.  
Heat your oven to about 500 and have the broiler on (this is how the original recipe states it - I know with my oven it's either 500 degree oven OR the broiler, but you get the idea.
Take 1 piece of dough at a time and roll it out on a floured surface till it is about 8-10 inches across and less than 1/4 inch thick.  
Lay it on the hot griddle and cook it over a medium heat for 4-5 minutes (I don't think mine took that long). 
It will puff up in places or all over, and there will be some blackish-brown spots on the bottom.
Slide a spatula under the naan and transfer it to the oven, directly onto the rack, for a minute or two, just till it finishes puffing up into a balloon and begins to color lightly on top.  
Remove naan from the oven and brush it lightly with melted butter if you like.
Continue this way with all the dough, stacking the breads into a napkin-lined basket.  
Serve the breads hot, fresh from the oven, or let them cool and wrap them up.
To reheat, wrap them in aluminum foil, in packets of 4 or 5 breads and put them in a 400 degree oven for 10-15 minutes.","vegetarian, gluten free, low oil, nut free, mild",Lunch
Gajar Ka Halwa (Carrot Halwa),1 hours 30 minutes,"3/32 cup    ghee, melted
1/8 kg    carrot, peeled and grated
3/16 cans    evaporated milk
1/4 cups    sugar
25/2 g    khoya
15/8 almonds, soaked in hot water,peeled and slivered
1/32 cup    water
1/8 pinch    saffron, soaked in the water
1/16 teaspoon    cardamom powder
edible silver foil, for garnishing  (optional)","Grate khoya and keep aside.
Combine carrots and milk in a large heavy based pan.
Bring to a boil.
Lower the heat and cook the carrots, stirring constantly, until all the milk dries up.
Pour ghee into the carrots.
Add khoya.
Saute for a few minutes.
Add sugar.
Continue to cook and stir the carrot mixture till it dries.
Remove from heat when still moist.
Stir in the saffron, cardamom powder and almonds, reserving a few for garnish along with silver foil.
Reheat carrot halwa just before serving with a little milk.
If not serving immediately, refrigerate carrot halwa and re-heat and serve when desired.
Handy hint: If u dont have khoya, use 1 cup whole milk powder mixed with 1 tsp ghee and 1-2 tbsp water to get a dough like consistency.
This makes 100gms of khoya.","vegetarian, gluten free, mild, traditional",Lunch
"Dal Chilla from Chai, Chaat &amp; Chutney",1 hours 30 minutes,"sunflower oil, for cooking
chutney, of your choice to serve
50/3 g    split yellow lentils (moong dal)
40 ml    water
1/15 inch    fresh gingerroot, peeled and roughly chopped
1/15 small    green chili pepper
handful coriander leaves
1/15 teaspoon    salt
10/3 g    semolina
1/15 large    onion, finely chopped
1/60 teaspoon    salt
1/15 green chili pepper, finely chopped","To make the batter:.
Soak the lentils in 250ml (9fl oz) of the measured water for about ?1 hour, until they absorb it all.
Transfer the lentils to a blender and add the ginger, chilli, and coriander and blend until smooth. Tip the paste into a bowl and stir in the salt, semolina and the remaining 350ml (12fl oz) measured water, mixing well.
Combine all the topping ingredients in a bowl.
To cook the chilla:.
Heat a frying pan and, once it is very hot, pour a serving-spoonful of the batter into the pan and spread it into a 13&ndash;15-cm (5&ndash;6-inch) circle. Top with 1 tablespoon of the topping mixture and drizzle 1 tablespoon of oil around the edges of the batter. Cook over medium heat for 2&ndash;3 minutes, until golden brown on the underside, then turn the chilla over and cook for a further 2 minutes, until golden brown on both sides. Repeat to make 15 more.
Serve hot with the chutney ?of your choice.
Recipe courtesy of CHAI, CHAAT &amp; CHUTNEY by Chetna Makan.
Get the book here:.
https://www.amazon.com/Chai-Chaat-Chutney-journey-through/dp/1784722871/.","vegetarian, vegan, gluten free, dairy free, low oil, nut free, spicy, traditional",Lunch
The Best Biryani,1 hours 30 minutes,"1/4 lbs    goat meat or 5   lbs    chicken
1/5 tablespoons    canola oil
3/20 medium    onions
1/10 teaspoons    garlic paste
1/10 teaspoons    ginger paste
1/10 (14 1/2  ounce) cans   diced tomatoes
1/80 cup    yogurt
1/20 teaspoon    chili powder
1/2 whole cloves
2/5 green cardamom pods
1/5 black cardamom pods
1/2 black peppercorns
1/20 teaspoon    cumin powder
1/10 teaspoons    coriander powder
1/10 teaspoons    garam masala
1/10 teaspoons    curry powder
1/20 cinnamon stick
1/5 teaspoons    salt
1/10 bay leaves
1/2 dried plums
1/5 fresh green chilies
1/10 tablespoons    fresh cilantro
1/20 pinch    saffron
9/20 cups    basmati rice
3/4 cups    water","Soak rice for half an hour.
Cook in rice cooker with 15 cups of water. Cook rice until almost done.
Fry onions in oil until golden brown.
Add ginger and garlic.
Add chili powder, cloves, cardamom, pepper corn, cumin, curry, graham masala, coriander, cinnamon stick, bay leaves, dried plums, and salt.
Add yogurt.
Add tomatoes and cook until dry.
Add meat.
Add green chiles.
Cook until meat is done and add water if needed.
Add cilantro.
Mix saffron with hot water.
Layer rice and meat mixture and sprinkle with saffron mixture.
Put in oven at 350&deg;F for 20 minutes.","gluten free, low oil, nut free, spicy, traditional",Lunch
Batata Vada (Potato Balls in a Gram Flour Crust),45 minutes,"1/2 medium    potatoes
1/16 teaspoon   minced ginger
1/16 teaspoon   minced garlic
1/32 teaspoon    mustard seeds
1/32 teaspoon    turmeric powder
3/8 teaspoons    fresh cilantro, finely chopped
1/32 teaspoon    asafoetida powder, available in indian stores  (optional)
salt
1/8 cup    besan (chick pea flour available in indian stores)
1/16 teaspoon    chili powder
1/32 teaspoon    turmeric powder
1/32 teaspoon    ground cumin
1/32 teaspoon    baking soda
salt
water, to make a batter  (pancake like)
oil, for fying","Boil the potatoes mash them.
add the ginger garlic, tumeric powder and cilantro and salt.
Heat 3 tsp on oil in a saucepan.
add the mustard seeds and wait for them to crackle (burst) then add the asefetida.
Pour the oil over the potatoes.
and mix it in well till blended.
Mix all the ingredients with the water.
divide the potato mix into 16 balls.
Heat the oil.
Dip the potatoes into the batter.
The batter should be thick enough to coat the potatoes nicely but not too thick.
Place the coated potatoes balls in the hot oil.
Fry till done (the coating will be a golden color with a reddish tinge).
Enjoy.","vegetarian, vegan, gluten free, dairy free, low oil, nut free, spicy, traditional",Lunch
Chicken Korma,30 minutes,"1/2 tablespoon    oil
2 cinnamon sticks
2 -8       cardamom pods
3 -10       cloves
1/2 onion, sliced thinly
1 garlic cloves, crushed
1 chicken breast halves, cut into 4 pieces
1/4 teaspoon    salt
1/8 teaspoon    ground cinnamon
1/8 teaspoon    ground cardamom
1/8 teaspoon    ground cloves
1/4 teaspoon   crushed dried hot pepper
1/4 cup    tomato sauce
1/4 cup    water
1/4 cup    buttermilk
1/4 teaspoon    ground cumin
1/2 tablespoon    fresh coriander, chopped  (or 1/2 tsp dried)","Heat oil over medium-high heat, and add cinnamon, cardamom and cloves.
When the aroma is released, reduce heat, and add the onion and garlic, cook until onion is softened.
Add chicken and cook for about 5 minutes, then add salt, ground cinnamon, ground cardamom, ground cloves and hot pepper.
Mix well so the spices cover the chicken.
Add tomato sauce and water, cover and cook for 10 minutes.
Add buttermilk, ground cumin and coriander, cover and cook for 5 minutes.
Serve with rice or naan bread.","gluten free, nut free, spicy, traditional",Dinner
Mango Lassi (India),2 minutes,"1/3 cup    water
2/3 cups   whole-milk yogurt
1/6 teaspoon    ground cardamom
2/3 tablespoons    granulated sugar
1/3 dash    salt
1/3 cup    mango pulp (or frozen slices)
1/6 cup    ice cube","Combine all ingredients in a blender. 
Process about 1 minute or until smooth.","vegetarian, gluten free, low oil, nut free, mild, traditional",Breakfast
Delicious Homemade Instant Jalebis!,45 minutes,"1/18 cup    all-purpose flour (known as 'maida' in Hindi)
1/9 teaspoons    gram flour (known as 'besan' in Hindi)
1/36 cup    plain yogurt, beaten  (known as 'dahi' in Hindi)
1/36 cup    water
1/18 pinch    baking soda
250/9 ml    ghee or 500   ml    oil
250/9 ml    sugar syrup","Put flour in a mixing bowl.
Add gramflour.
Mix well.
Add yogurt and water.
Mix well, using a spoon, ensuring that no lumps remain.
Mix to obtain what is technically called,""ribbon consistency"".
(Ribbon consistency simply requires you to mix for about 5-7 minutes, really well, so that when the mixture is dropped from the mixing spoon into the mixing bowl, it should fall like a ribbon. Don't let the term scare you, it's pretty easy, you just got to).
Add a pinch of baking soda.
At this point, this mixture (batter) can be refrigerated if you are planning on making the jalebis later.
If you plan to make the jalebis instantly, put the mixture in a jalebi bottle (you get these bottles to make jalebis in the market).
If you dont have a jalebi bottle, you can use an empty well-washed and thoroughly clean, tomato ketchup bottle.
If you got an icing bag, use that.
I used the icing bag with the""star"" nozzle attachment.
You may experiment with the other nozzles, if you wish, but please dont, in any circumstances, try using the""writing"" nozzle attachment, because if you do so, the jalebis that you'll be making will be the thinnest on the face of the planet,lol.
Heat oil on low-medium flame in a frying pan.
Meanwhile, spoon the above prepared batter in the icing bag fitted with the star nozzle/jalebi bottle/ tomato ketchup bottle.
Drop the batter by squeezing the bottle/icing bag, into the hot oil, in concentric circular motion to make the jalebis.
Lightly brown on either side.
Repeat until all the batter is used up.
On low flame heat the pre-prepared sugar-water syrup (known in Hindi as""chashni"").
Add few threads of saffron to the syrup- these look really pretty on the jalebis later when you dip the latter into them.
Now, drain the excess oil from the jalebis.
Drop into the sugar-water syrup.
Dip well, toss well, to coat the jalebis in the syrup.
Drain excess syrup from the jalebis.
Serve immediately or serve hot if you plan to serve them later on, make sure to warm them a bit in the oven (2-3 minutes) and then serve.
Get ready to put on your apron and go make more of these because they'll vanish before you know!
Don't blame ME if you get addicted to these like my DAD.","vegetarian, nut free, mild",Dinner
Easy Kulfi (Ice Cream Without an Ice Cream Freezer!),12 hours,"1/8 (14   ounce) can   fat-free evaporated milk
1/8 cup    light cream (I used half and half here)
1/8 (14   ounce) can   low fat  sweetened condensed milk
other flavoring (I sprinkled in some cinnamon, but I would imagine that chocolate or something else would work here.)","In a large bowl, stir together well the evaporated milk, condensed milk, cream, and optional other flavor.
Pour into popsicle molds, Indian stainless steel kulfi molds, or even a small bowl.
Freeze overnight.
Remove from the molds by resting their bottoms very briefly in warm to hot water (if you do this for too long you'll have a gooey mess!).","vegetarian, gluten free, low oil, nut free, mild",Dinner
Thandai (Indian Almond Drink),15 minutes,"3/16 liters    water
1/8 cup    sugar (or to taste)
1/8 tablespoon    almonds
1/8 tablespoon    sunflower seeds, raw, hulled
1/16 tablespoon    poppy seed
1/16 tablespoon    anise seed
1/16 teaspoon    ground cardamom
1/8 teaspoon    rose water (optional) or 1   teaspoon    orange flower water (optional)
1/8 teaspoon    peppercorn
1/32 cup    rose petal, organic  (optional)","Soak sugar in 1/2 litre of the water used. Set aside.
Soak remaining ingredients in 2 cups of remaining water. Set aside.
Allow all soaked items to stand for at least 2 hours.
Grind all soaked ingredients to a very fine paste. (not sugar) in a processor or blender.
Place a double layer of cheesecloth or a coffee filter over/in a strainer and set over a large container/pitcher.
Press through muslin with the back of a spoon, extracting as much liquid as possible.
Add remaining water, a little at a time to extract more of the nut liquid.
Pour back some of the extract and press, repress.  Do this a number of times to extract as much flavour out of the nut paste as possible.
Mix well. Chill for atleast 2 hours before serving.  You may need to give the drink a stir before pouring.
To serve, sprinkle some rose petals over each serving (optional).
Note:  Do not discard the nut paste - it is excellent used in making korma-type curries.","vegetarian, vegan, gluten free, dairy free, low oil, spicy, traditional",Dinner
Burfi a La Yamuna - Indian Fudge,1 hours 30 minutes,"1/80 cup    butter
1/120 cup    brown sugar
1/80 cup    white sugar
1/60 cup    milk
7/120 cups    powdered milk
nuts, chopped  (optional, cashews, pecans or pistachios are best)","Melt the butter over low heat.
Stir in sugars.
Add the milk and bring to a boil gradually over medium heat.
Lower the flame and add the powdered milk slowly, stirring to work out all the lumps.
If you're adding nuts, mix them in once the lumps are smoothed out.
Cook on medium heat for approximately 4-5 minutes, until nice and thick.
Butter a 9x13 inch cake pan and pour mixture into pan, spread evenly.
Cover with plastic wrap and place in fridge to set - the girls stick it in the freezer so they don't have to wait so long :).
Once set, cut into 1 1/2 inch squares.
Keep refrigerated and covered with plastic wrap.
One hour of prep time is actual cooling time.
Makes approximately 60 small squares.","vegetarian, gluten free, low oil, mild",Dinner
Mur'mur'ya C'a Chiwda,35 minutes,"1/32 cup    oil
1/8 teaspoon    cumin seed
3/8 inches    fresh ginger, grated
3/2 -15      fresh curry leaves
3/8 -4      whole dried red chilies, broken into small pieces
1/32 teaspoon    hing (asafetida powder)
1/32 cup    raisins
1/16 cup   raw unsalted peanuts
1/32 cup   store bought sev (spicy lentil noodles)
1/32 cup   dried coconut, slices  (optional)
3/4 cups    Rice Krispies (unsweetened rice puffs)
1/8 teaspoon    salt
1/4 tablespoons    sugar
1/4 tablespoons    lime juice","Sift and pick through the puffed rice, discard discolored pieces. Dry roast the puffed rice until it is toasty but not colored. Spread over a paper towel to allow moisture to wick away. Let it cool.
Heat the oil in a large wok. Add cumin seeds, ginger and curry leaves. Stir vigorously to season the oil well, reduce the heat. Add dried red chilies, asafetida powder and turmeric powder; stir vigorously to avoid burning. Add the raisins and peanuts, allow them to cook. As the peanuts begin to roast, add the salt, sugar and lime juice; turn off the heat. While the oil and spices are still hot, add the cooled toasted puffed rice and sev in small batches. Toss with two flat spatulas with each addition until all the rice is mixed inches Return the wok to a medium-low heat and toss this mixture quickly. Remove from heat. Serve hot or allow to cool and store it in an airtight container for up to four weeks.","vegetarian, vegan, gluten free, dairy free, low oil, spicy, traditional",Dinner
Shankarpale or Sweet Diamonds - Indian Cookies,45 minutes,"5/24 cups    flour
1/24 cup    oil
1/24 cup    water
1/32 cup    sugar
oil, to deep fry","Put the oil in a thick bottom pan.
Add water and sugar.
Stir and bring to a boil.
Remove from heat immediately.
Let it stand until it is lukewarm.
Fold in the flour adding a little at a time.
Knead well.
Heat oil in a deep frying pan.
Divide the dough into lemon sized balls and roll out with a rolling pin.
You should not be able to see the surface you are rolling it on through the dough.
Using a pizza cutter or a sharp knife cut into strips at an angle.
Turn the surface 90 degrees and cut diagonally to form diamonds.
If you don't cut at an angle you will get squares, diamonds look better.
Deep fry in the oil until golden brown.
Store in a air tight container.","vegetarian, vegan, gluten free, dairy free, nut free, mild",Dinner
Restaurant-Style Tandoori Chicken in the Oven!,1 hours 10 minutes,"1/12 cup    plain yogurt (either whole or skim-milk)
1/12 tablespoon    lemon juice
1/12 teaspoon    allspice
1/12 teaspoon    fresh coarse ground black pepper
1/12 teaspoon    ground cayenne pepper
1/12 teaspoon    ground cinnamon
1/6 teaspoons    ground cumin
1/12 teaspoon    ground ginger
1/6 teaspoons    salt
1/12 teaspoon    smoked paprika
1/12 tablespoon   finely minced garlic
1/12 tablespoon   thai chili paste with garlic (optional, but recommended!)
1 pieces    chicken (6 pc drumsticks and 6 pc. boneless or bone-in thighs, 4 breast halves and 4 leg quarters, etc)
1/4 slices   of raw onions, separated into rings, for a garnish
1/24 lemon, cut into slices, for garnish","In a small mixing bowl, stir together the yogurt and lemon juice.  Add the spices, minced garlic, and chili paste, and whisk until you have a smooth, thick marinade.
Put 6 pieces of the chicken in each of two zip-lock bags, and add 1/2 the marinade to each bag.  Zip closed and knead the bags until the chicken is well-coated with marinade.  Open bags slightly, squeeze out most of the air, and zip closed again.  Refrigerate 12-24 hours.  If serving this for dinner, I usually make the marinade and start the chicken soaking the evening before.
Turn the bags and knead the marinating chicken once or twice while it's in the refrigerator.
When you are ready to cook, take the chicken out of the refrigerator, line a large roasting pan with foil, lay a rack over the pan so air can circulate under the roasting chicken, and pre-heat your oven to 425.  If you have a convection bake or convection roast cycle, use that.
Place the chicken pieces on the rack so they are not touching.  Empty what is left of the marinade into a bowl or measuring cup and touch up any &quot;empty&quot; spots on the chicken pieces with the marinade.
Once the oven is hot, put the pan with the chicken in the oven, and leave the door closed (no peeking!).  Turn the chicken pieces once after 30 minutes of cooking time, then roast for another 10 to 15 minutes, or until slightly charred on the second side, but no more than 15 minutes for legs and thighs.  If you are cooking breasts, poke one with a skewer to make sure the juices run clear.
NOW TURN THE OVEN OFF, and let the chicken rest in the closed oven for 20-30 minutes more (not critical, but NO PEEKING!).
Remove the chicken to a warm platter, garnish with the onion rings and a few squeezes of lemon, and enjoy!
See if you don't agree this is as good as any &quot;authentic&quot; Tandoori chicken you've ever tried!","gluten free, low oil, nut free, spicy, traditional",Dinner
Easy Crescent Samosa (Indian Style Sandwiches),25 minutes,"1/16 tablespoon    olive oil
1/16 small    onion, finely chopped
1/4 garlic cloves, minced
1/8 cups   cooked diced potatoes
1/16 cup   cooked diced carrot
1/32 cup   canned sweet peas or 1/2  cup    frozen sweet peas, thawed
5/16 teaspoons    soy sauce
1/16 teaspoon    curry powder
1/32 teaspoon    cumin
1/64 teaspoon    dried cilantro
1/64 teaspoon    ground ginger
1/64 teaspoon    turmeric
1/64 teaspoon    salt
1/16 dash    red pepper flakes
1/16 tablespoon    water
1/8 (8   ounce) packages   crescent rolls
1/48 cup    honey
1/16 tablespoon    lemon juice
1/16 tablespoon    soy sauce
1/16 tablespoon    water
1/8 garlic cloves, crushed
1/16 pinch    red pepper flakes","Saute onion and garlic in oil 5 minutes until onion is soft.
Add all other ingredients except crescent rolls.
Stir gently over medium heat for several minutes until well incorporated.
Set aside.
Heat oven to 375&deg;F.
Open cans of crescent rolls and unroll the dough.
Separate into 4 rectangles and pinch the triangular perforations to seal.
Cut each rectangle in half crosswise to make squares (you'll have 8 squares per can of crescent rolls).
You may have to coax the dough gently with your hands to make it square and to close up the perforations.
Spoon a heaping spoonful of filling in the center of each square and fold over to make a triangle.
Pinch the edges to seal.
Bake on cookie sheets sprayed with Pam for 12-15 minutes until golden.
Cool slightly on rack.
Serve warm with Honey Dipping Sauce.
Mix sauce well in small bowl.","vegetarian, vegan, gluten free, dairy free, low oil, nut free, spicy, traditional",Lunch
Indian Potatoes with Mustard Seeds (Sookhi Bhaji),40 minutes,"1/3 teaspoon    cumin seed
1/3 teaspoon    brown mustard seeds
1/3 large    onion, finely chopped
1 serrano chilies, split lengthwise
4/3 medium    potatoes, peeled and cut into 1/2-inch pieces
1/2 teaspoons    ground cumin
1/2 teaspoons    ground coriander
1/6 teaspoon    turmeric
salt, to taste
1/6 teaspoon    cayenne pepper
1/3 tablespoon   chopped fresh cilantro","Heat cumin seeds and mustard seed in hot dry skillet over high heat, swirling pan, until seeds start to pop.
Reduce heat to medium; add onions, chilies, and add a small amount of water; cook until onion is tender, adding more water as necessary to prevent sticking.
Add potatoes, ground cumin, coriander, turmeric, salt (to taste), and cayenne pepper, stirring to mix well.
Add 2/3 cup water, cover, reduce heat and cook for 20-25 minutes, stirring occasionally, until spices are absorbed and potatoes are tender.
Add a small amount of water at a time if all liquid evaporates.
Fold in cilantro just before serving.","vegetarian, vegan, gluten free, dairy free, low oil, nut free, spicy, traditional",Lunch
Indian Masala Chai,15 minutes,"2 whole    cloves
1 cardamom pods
1/2 cinnamon stick, broken into pieces
3/2 cups    water
1/8 teaspoon    ground ginger
1/16 teaspoon    fresh ground black pepper
1/4 cup    milk
1 tablespoons    granulated sugar
1 tablespoons    black tea (decaf is best)","In a mortar, crush the cloves, cardamom pods and cinnamon, or use a coffee grinder.
Transfer the crushed spices to a small saucepan, add the water, ginger and pepper and bring to a boil.
Remove the pan from the heat, cover and let steep for 5 minutes.
Add the milk and sugar to the pan and bring to a boil.
Remove from the heat and add the tea.
Cover and let steep for 3 minutes.
Stir the chai, then strain it into a warmed teapot or directly into teacups.
Enjoy!","vegetarian, gluten free, low oil, nut free, spicy, traditional",Breakfast
Chicken Makhani (Indian Butter Chicken),40 minutes,"1/4 tablespoon    peanut oil
1/4 shallot, finely chopped
1/16 white onion, chopped
1/2 tablespoons    butter
1/2 teaspoons    lemon juice
1/4 tablespoon    ginger-garlic paste
1/4 teaspoon    garam masala
1/4 teaspoon    chili powder
1/4 teaspoon    ground cumin
1/4 bay leaf
1/16 cup    plain yogurt
1/4 cup    half-and-half
1/4 cup    tomato puree
1/16 teaspoon    cayenne pepper, to taste
1/4 pinch    salt
1/4 pinch    black pepper
1/4 tablespoon    peanut oil
1/4 lb    boneless skinless chicken thighs, cut into bite size pieces
1/4 teaspoon    garam masala
1/4 pinch    cayenne pepper
1/4 tablespoon    cornstarch
1/16 cup    water","Heat 1 tablespoon oil in a large saucepan over medium high heat.
Saute shallot and onion until soft and translucent.
Stir in butter, lemon juice, ginger garlic paste, 1 teaspoon garam masala, chili powder, cumin and bay leaf.
Cook, stirring, for 1 minute.
Add tomato puree and cook for 2 minutes, stirring frequently.
Stir in half-and-half and yogurt.
Reduce heat to low and simmer for 10 minutes, stirring frequently.
Season with salt, pepper and cayenne.
Remove from heat and set aside.
Heat 1 tablespoon oil in a large heavy skillt over medium heat.
Cook chicken until lightly browned, about 10 minutes.
Reduce heat and season with 1 teaspoon garam masala and cayenne.
Stir in about 1/3 of the sauce and simmer until liquid has reduced and chicken is no longer pink, about 5 minutes.
Pour the rest of the sauce into the chicken.
Mix together cornstarch and water, then stir into the sauce.
Cook for 5 to 10 minutes, or until thickened.","gluten free, spicy, traditional",Dinner
Mini Strawberry Falooda,1 hours 5 minutes,"dry tapioca
strawberry jam
rose water
vanilla ice cream
whipped cream (optional)
chopped strawberry (optional)","The tapioca is best made the night before so that it has time to chill. To begin, measure out 1 part tapioca to 8 parts water and add to a large pot. Bring to a boil.
Once at a boil, reduce to a simmer, and stir pot.
Make sure to stir at least once every 10 minutes, for about 60 minutes. Don't be afraid to add extra water if the water levels are looking low.  It is much better to add more than to let the tapiocas run dry and stick to the pan.
Once the tapiocas are cooked all the way through, strain the tapiocas and immediately run cold water over them.
When the tapioca pearls are cooled down, pack in water and store until eating.
The next day, or whenever ready to eat falood, take out the tapioca, add rosewater, and stir inches  I added about 1 tablespoon for about 6 cups of tapioca pearls. IF you do not like floral tastes, add less.
To assemble the falooda: add a tablespoon or two of jam to each glass of falooda.
Next, add the tapioca pearls, then add vanilla ice cream to the top.
if using strawberries and whipped cream, you can add these to the top. You can also do layers of each of the components.
Enjoy! Great on a hot day.","vegetarian, gluten free, low oil, nut free, mild",Dinner
Tandoori Style Chicken,8 hours 40 minutes,"1 tablespoons    fresh lime juice
1/18 cup    plain yogurt
1/6 -2       jalapeno chiles or 1 -2       serrano chili, seeded and minced
1/4 teaspoons    salt
1/6 teaspoon    ground turmeric
1/6 teaspoon    ground coriander
1/6 teaspoon    ground cumin
1/12 teaspoon    ground ginger
1/12 teaspoon    garlic powder
1/12 teaspoon    cayenne pepper
1/24 teaspoon    ground cinnamon
1/24 teaspoon    ground cloves
1/3 tablespoons    vegetable oil
1/2 lbs    skinless chicken legs or 3   lbs    skinless chicken thighs","Stir together lime juice, yogurt, minced chiles, salt, turmeric, coriander, cumin, ginger, garlic, cayenne, cinnamon, cloves, and 1 tbsp of oil in a mixing bowl.
Cut slits across the meat of chicken and rub spice mixture all over chicken.
Marinate chicken in this mixture for 8 hours or overnight.
Preheat the last tbsp of oil in the bottom of a roasting pan and layer chicken pieces in the bottom of pan.
Bake 425F for 35-40 minutes or until chicken is done (you may want to check the chicken about 5-8 minutes before and it may even cook longer than the 40 min, depending on size of pieces).","gluten free, low oil, nut free, spicy, traditional",Dinner
Chappatis (Roti),2 hours,"2/5 cups    all-purpose flour
2/15 cups    water
1/30 cup    milk
1/15 tablespoon    salt
1/60 cup    oil
melted butter
flour, for rolling out dough","Put flour and salt in a bowl.
Add water a cup at a time, kneading.
When kneading, make your hand into a fist and roll your knuckles into the dough, folding edges in continuously, working in all the flour.
When all the flour is kneaded into a ball, poke lots of holes into the ball of dough.
Pour a little oil into the dough and knead it inches.
Add the rest of the oil (the dough will look very oily and that's the way it should be).
Cover with a clean cloth and let sit for at least an hour.
Roll the ball in a little bit of flour so it's not sticky.
Divide the dough into about 15-20 balls depending on how big you want the chappatis to be.
Flour the counter/board.
Roll out each ball to about 6 inches in diameter.
Brush with melted butter.
Fold in three (like you fold a letter).
Now it should almost look like a long tube.
Take one end of that tube and fold it in to the centre and gently press it inches.
Take the other end of the tube and fold it over the seam.
Now you should have a little bundle of dough.
(In other words, fold the dough into thirds one way, and then the other).
Flour a plate and place the bundles on them.
Roll each one out to about 6-8 inch diamete, flouring counter/board as needed.
On a flat cast iron disc (available at Indian grocery stores) or on a big frying pan (cast iron is best), heat pan, and put chappati on it.
When it starts looking a bit translucent, flip it over.
Brush with melted butter, shuffling it around the pan quickly, then a quick flip over, a bit of melted butter (it should start puffing up into a pillow like shape).
Once it has small golden brown dots on both sides, take it off an put into a serving dish (cover with a clean cloth as you keep preparing the rest).
You will have to adjust the heat during the whole frying process.
Clean off the pan with paper towels or a clean cloth in between frying each chappati.
Don't turn the chappatis too much, just once or twice is enough.","vegetarian, gluten free, nut free, mild",Lunch
The Better Butter Chicken,30 minutes,"2/5 tablespoons    butter
1/5 cup   chopped onion
2/5 teaspoons   minced garlic
1/5 tablespoon   grated gingerroot
1/5 teaspoon    chili powder
1/10 teaspoon    ground turmeric
1/20 teaspoon    ground cinnamon
1/5 (19   ounce) can   crushed tomatoes, undrained
2/5 tablespoons    tomato paste
1/5 tablespoon    brown sugar
1/10 teaspoon    salt
1/20 teaspoon    fresh ground black pepper
1/5 whole rotisserie-cooked chicken, skin removed and meat cut up
1/15 cup    light cream (5%)
1/20 cup    light sour cream or 1/4  cup    light plain yogurt
1/5 tablespoon   minced fresh cilantro
hot cooked basmati rice (optional)","Melt butter in a deep, 10-inch skillet over medium heat; add onions and garlic; cook slowly, stirring often, until onions are tender - about five minutes.
Add gingerroot, chili powder, turmeric and cinnamon; cook one more minute.
Add undrained tomatoes, tomato paste, brown sugar, salt and pepper; reduce heat to low; cover and simmer for 10 minutes, stirring occasionally.
Add cut-up chicken, cream and sour cream; simmer, uncovered, for five more minutes.
Remove from heat and stir in cilantro; serve over hot basmati rice, if desired.","gluten free, low oil, nut free, spicy, traditional",Dinner
Indian Lentil Soup (Dal Shorva),36 minutes,"3/8 cups    red lentils or 1 1/2  cups    yellow lentils
1/4 teaspoon    turmeric
1/8 teaspoon    cayenne pepper
1/4 teaspoon    cumin
1/16 teaspoon    cardamom
1/2 -3       curry leaves or 2 -3       bay leaves
3/2 cups    chicken stock (preferably home-made) or 6   cups    vegetable stock (preferably home-made)
3/4 tablespoons    vegetable oil or 3   tablespoons    ghee
1/2 teaspoons    mustard seeds
1/2 garlic cloves, finely chopped
salt and pepper
1/8 -1       lemon","Rinse the beans or lentils.
Bring to a boil with the stock, turmeric, Cayenne, cumin, cardamom and curry/bay leaves.
Let simmer until the beans or lentils are very soft (ca 30 minutes).
If using bay leaves, remove them now. Curry leaves can be left in the soup.
Run the soup quickly in a blender to a not too smooth consistency (or mash the lentils/beans with a ladle).
Sautee the garlic and mustard seeds lightly in the fat and add to the soup.
Let simmer for another 5 minutes.
Add salt, pepper and squeezed lemon to taste.
Serve hot with pita or paratha bread.","gluten free, nut free, spicy, traditional",Lunch
Spicy Indian Kofta,1 hours 15 minutes,"1/4 lbs    ground lamb or 1 1/2  lbs    beef
1/3 teaspoons   minced ginger
1/2 cloves    garlic, minced
2/3 cayenne bell peppers (I just used Thai bird's eye chilies)
1/6 small    onion, minced
1/6 egg
1/12 teaspoon    turmeric
1/3 teaspoons    garam masala
1/3 tablespoons   freshly chopped cilantro
1 mint leaves, chopped  (or 1 teaspoon dried)
1/6 medium    potato, finely grated
salt and pepper","Put the ground meat in a larger bowl, and add ginger, garlic, cayenne peppers, onion, egg, tumeric, garam masala, cilantro, mint, potato, and salt and pepper to taste.
Mix well (you'll have to use your hands for this one).
Form golf ball sized balls with the meat mixture, and set aside.
Allow to rest 30 minutes.
Heat oven to 375&#xBA;.
Place the kofta on a non-stick cookie sheet and bake 25 minutes or until cooked through, and slightly browned.
Serve hot, with nan bread, cucumber-yogurt sauce and a fresh tomato and mint salad.","gluten free, dairy free, low oil, nut free, spicy, traditional",Dinner
Mattar Paneer - Indian Peas with Paneer Cheese,40 minutes,"1/2 cups    paneer cheese, cubes
5/4 tablespoons    vegetable oil or 5   tablespoons    ghee
1/4 cup   finely chopped onion
1/4 tablespoon   minced fresh ginger
1/4 tablespoon   minced garlic
1/2 teaspoons    ground coriander
1/4 teaspoon    ground cumin
1/4 teaspoon    salt
1/8 teaspoon    ground turmeric
1/16 -1/2  teaspoon    ground cayenne pepper
1/4 cup    diced tomato, with juice
1/8 cup    water
3/8 cups    frozen green peas, thawed
1/8 cup   chopped cilantro","Heat 1-2 tbsp vegetable oil in a large skillet and saute the paneer in batches (add more oil if necessary), until lightly browned, and drain on paper toweling.
In a large pan, heat the 3 tbsp oil or ghee and cook the onion, ginger and garlic until the onion is tender, about 3-5 minutes.
Add the coriander, cumin, salt, turmeric, and cayenne, and cook until the spices become fragrant, 1-2 minutes.
Add the tomatoes and cook 2-3 minutes, stirring once or twice.
Add the paneer, water, and peas and bring to a boil.
Reduce heat and simmer for 8-10 minutes or until the sauce is thick and smooth.
Garnish with cilantro before serving.","vegetarian, gluten free, nut free, spicy, traditional",Lunch
"Mango Lassi from CHAI, CHAAT &amp; CHUTNEY",6 minutes,"seeds from 5 green cardamom pods
200/3 g    mango pulp, or 7oz
200/3 ml   natural yogurt, or 1/3 pint
100/3 ml    milk, or 3 1/2 fl oz
1/3 tablespoon    granulated sugar
1 ice cubes","Using a pestle and mortar, grind the cardamom seeds &#8232;to a powder.
Combine the mango pulp, yogurt, milk, sugar and ground cardamom in a blender. Add the ice cubes and blitz for 1 minute. Pour into 3 glasses and serve immediately.
Recipe courtesy of CHAI, CHAAT &amp; CHUTNEY by Chetna Makan.
Get the book here:.
https://www.amazon.com/Chai-Chaat-Chutney-journey-through/dp/1784722871/.","vegetarian, gluten free, low oil, nut free, mild, traditional",Lunch
Gordon Ramsay's Tikka Masala,30 minutes,"peanut oil
1/4 large    onion, peeled
1/4 -2       fresh green chile, depending on how hot you like it
1/4 inch   piece fresh ginger, peeled
3/4 garlic cloves, peeled
1/8 teaspoon    chili powder
1/4 teaspoon    turmeric
1/2 teaspoons    garam masala
1/4 tablespoon    soft brown sugar
1/4 tablespoon    tomato puree
100 g    chopped tomatoes
1 boneless chicken breasts, cubed
5/2 dried curry leaves
1 -6   tablespoons   natural yogurt
fresh coriander, chopped","Heat 2 tbsp oil in a large pan.  Slice the onion and add to the pan. De-seed and chop the chilie, chop ginger and add to the pan. Crush the garlic and add to the pan; cook for 2-3 minutes.
Add chili powder, turmeric, garam masala and sugar; cook for 1-2 minutes.
Add tomato puree and tinned tomatoes; stir and cook for a few minutes.
Transfer sauce to a food processor and blitz until smooth.
Add 1 tbsp fresh oil into the pan in which you cooked the sauce and fry the chicken until lightly coloured. Pour the sauce back into the pan and add the curry leaves. Simmer for 10 minutes, or until chicken is cooked.
Stir in the yogurt (I swirl mine through it, rather than mix it in completely)with half of the chopped coriander and serve, garnishing with the remaining coriander.","gluten free, low oil, spicy, traditional",Dinner
Channa Masala,40 minutes,"1/6 tablespoon    vegetable oil
1/3 medium    onions (peeled and minced)
1/6 clove    garlic (peeled and minced)
1/6 tablespoon    ground coriander
1/3 teaspoons    ground cumin
1/12 teaspoon    ground cayenne pepper
1/6 teaspoon    ground turmeric
1 tablespoons    chopped tomatoes
1/6 cup    water
2/3 cups   cooked chickpeas or 2 (15   ounce) cans   chickpeas, rinsed and drained
1/3 teaspoons    ground roasted cumin seeds
1/6 tablespoon    amchoor powder
1/3 teaspoons    paprika
1/6 teaspoon    garam masala
1/12 teaspoon    salt
1/12 lemon (juiced)
1/6 fresh, hot green chili pepper (, , minced)
1/3 teaspoons   grated fresh ginger","Heat oil in a large skillet.
Add onions and garlic and saut&eacute; over a medium heat until browned (3-5 minutes).
Turn heat to medium-low.
Add the coriander, cumin (not the roasted cumin), cayenne and turmeric.
Stir for a few seconds.
Add the tomatoes.
Cook the tomatoes until browned lightly.
Add chickpeas and a cup of water and stir.
Add the roasted cumin, amchoor, paprika, garam masala, salt and lemon juice.
Cook covered for 10 minutes.
Remove the cover add the minced chili and ginger.
Stir and cook uncovered for 30 seconds.","vegetarian, vegan, gluten free, dairy free, low oil, nut free, spicy, traditional",Lunch
"Sticky Bombay Chicken from CHAI, CHAAT &amp; CHUTNEY",55 minutes,"1 skinless chicken drumsticks
1/4 tablespoons    dark soy sauce
1/8 tablespoon    olive oil
5/2 g    dark brown sugar
1/2 garlic cloves, finely chopped
fresh ginger, 1-inch piece, peeled and finely chopped
1/8 red chili, finely chopped
1/8 teaspoon    five-spice powder
1/8 teaspoon    salt
1/8 tablespoon    toasted sesame seeds","Make a couple of slashes ?on each drumstick, ready ?for marinating.
Combine the soy sauce, olive oil, sugar, garlic, ginger, chilli, five-spice powder and salt in ?a large bowl. Mix well, then ?add the chicken and stir to coat. Leave to marinate for at least 1 hour or, preferably, cover the bowl with clingfilm and marinate overnight in ?the refrigerator.
Preheat the oven to 180&deg;C (350&deg;F), Gas Mark 4.
Tip the chicken and marinade into a shallow roasting tin and bake for 40 minutes, turning occasionally, until the chicken is cooked through. Sprinkle over the sesame seeds and serve hot.
Recipe courtesy of CHAI, CHAAT &amp; CHUTNEY by Chetna Makan.
Get the book here:.
https://www.amazon.com/Chai-Chaat-Chutney-journey-through/dp/1784722871/.","gluten free, dairy free, low oil, nut free, spicy, traditional",Lunch
"Tomato Chutney from CHAI, CHAAT &amp; CHUTNEY",20 minutes,"4/3 tomatoes, roughly chopped
4/3 garlic cloves, chopped
2/3 small    green chilies, chopped
1/3 tablespoons    sunflower oil
1/12 teaspoon    salt
1/6 teaspoon    granulated sugar","Using a food processor, blend the tomatoes, garlic and chillies to make a smooth paste.
Heat the oil in a saucepan ?and add the tomato mixture with the salt and sugar. Bring the mixture to a boil, then simmer over medium-low heat for 10&ndash;12 minutes, until the chutney thickens a little and the tomatoes are cooked. Leave to cool before serving. This chutney will keep in an airtight container in the refrigerator for 4&ndash;5 days.
Recipe courtesy of CHAI, CHAAT &amp; CHUTNEY by Chetna Makan.
Get the book here:.
https://www.amazon.com/Chai-Chaat-Chutney-journey-through/dp/1784722871/.","vegetarian, vegan, gluten free, dairy free, low oil, nut free, spicy, traditional",Lunch
Mama Roy's Daughter's Chicken Curry,1 hours 10 minutes,"3/4 small    onions (size of your palm)
5/4 garlic cloves
1/4 inch   piece ginger
2 chicken drumsticks
2 chicken thighs
5/4 cloves
3/4 -4       cardamom
1/2 inches    cinnamon bark
1/4 large   ripe tomatoes
1/2 parts indian chili powder (cayenne as substitute )
1/4 part turmeric
1/4 part cumin
3/8 tablespoons    salt
5/4 -6      thai chilies","1) Peel and cut up onions into 6-8 pieces each (something that will fit into a food processor or a blender). Peel garlic and ginger.
2)Put onions, garlic, and ginger into food processor or blender with a spoon of water. Blend/grate into a rough paste. Does not need to be super smooth.
3) Prep the chicken - take skins off if you bought chicken with the skin on. Rinse the chicken with water and pat dry. Create slits in the pieces randomly with a knife so that the spices can get into the meat.
4) Take about 4 spoons of the onion, garlic, ginger paste and the spices (Indian chili powder, turmeric, cumin) and coat the chicken with it all.  Add the salt as well. NOTE RE SPICES: we never measure these spices, but ratios help. For this part of the recipe, smaller amounts of each chili powder, cumin, and turmeric are fine - let's say one spoon of each, more of the chili powder if you want it spicy.
5) Place a 6-8 quart pot on medium-high heat. Add a turn or two of canola oil, enough to evenly coat the bottom of the pot. When the oil is heated through, add cloves, cardamom (try to open them up a bit), and cinnamon bark. Stir the whole spices around a little until fragrant.
6) Once you start smelling the whole spices, add the rest of your onion/garlic/ginger paste. Cook until the paste starts to take on a slightly reddish color. Add larger amounts of the spices now. I will do two generous shakes of the chili powder (I like my curries spicy), one shake of ground cumin, and one shake of turmeric. If it looks too brown, I will add some turmeric and chili powder because I want it to be a little brighter.
7) Add the chicken after the paste and spices incorporate. Stir frequently so the chicken does not stick to the pot. Once all the chicken turns opaque on the outside, cover with a lid, lower the heat to medium and let everything cook together for about 20 minutes.
8) After 20 minutes, check the pot to see if any liquid has come out. This is the curry! If it looks dry, add some a couple cups of hot water to the pot, but only if it looks totally dry. Stir the chicken and recover the pot, lower the heat a little more, and let it all simmer/stew together for another 20 minutes.
9) 15 minutes into the second 20 minutes, add the Thai chilies. Make sure they are washed. If you want more of the heat to come out of the chilies, make one diagonal slit in each chili. Adding the chilies is optional.
10) At the end of the 20 minutes, check your pot. There should be ample curry. Give it all a final stir and check the chicken to make sure it is all cooked through. It should be by now, but you can never be too careful! Have some cooked rice handy and serve with some saag bhaji (another recipe!). This recipe is easy to scale up or down and if you have leftovers, you can eat this up to 4 days after you make it, at least.","gluten free, dairy free, low oil, nut free, spicy, traditional",Dinner
Aloo Paratha,1 hours 15 minutes,"1/5 cups    flour
1/20 cup    water (Use more as needed)
1/10 pinch    salt
1/10 tablespoon    oil
1/5 medium    potatoes
1/40 teaspoon    salt
1/20 teaspoon    mustard seeds (Rai)
1/10 onion, chopped
1/10 teaspoon    turmeric powder
1/5 chopped green chili peppers
1/5 tablespoons   chopped cilantro (green coriander)
1/40 cup    flour, for rolling
1/5 tablespoons    oil, to cook","1. Dough.
2. Mix flour, salt ,oil and water together to make soft dough .
3. Knead the dough for a few minutes on a lightly greased surface to make smooth and pliable dough.
4. Set the dough aside and cover it with a damp cloth. Let the dough rest for at least 1hour.
5. Filling.
6. Boil 2 medium potatoes with 2 cups of water. After the water comes to a boil, reduce the heat to medium. Let the potatoes cook until they are tender.
7. Once tender, remove them from the water and let them cool down.
8. After the potatoes are cold enough to handle, peel the skin off and mash the potatoes.
9. Take skillet put oil let it warm than add mustard seeds,onions,turmeric powder,chopped green chili,salt fry all of them than add mashed potatoes to it .Fry it for 5 min ,garnish with chopped coriander leaves.
10. Making paratha.
11. Divide the dough and potato mixture into 6 equal parts. The potato balls should be about 1 1/2 times larger than the dough balls.
12. Roll the dough into 3 inch diameter circles. Place the potato balls in the center. Seal by pulling the edges of the rolled dough together to.
13. make a ball. Proceed to make all six balls.
14. Let them settle for 3 to 4 minutes before rolling them.
15. To make it easier to roll the balls, first roll them in dry whole-wheat flour.
16. Lightly press the ball on the sealed side and keep it on the topside when rolling. Roll the ball light handed in to 6-inch circles. Whenever the dough sticks to the rolling pin or rolling surface, lightly sprinkle dry whole-wheat flour on both sides of the semi-rolled paratha.
17. Place the paratha over the skillet. After a few seconds you will see the.
18. paratha change color and puff in different places.
19. Then flip the paratha over. You should see some golden-brown spots on the topside. After a few seconds, spread 1 teaspoon of oil on the paratha. Again, flip the paratha and lightly press the puffed areas with a spatula.
20. Flip again and press with the spatula making sure the paratha is golden-brown on both sides.
21. Serve hot aloo parathas with chutney,sauce,raitha  -- of your choice.","vegetarian, vegan, gluten free, dairy free, nut free, spicy, traditional",Breakfast
Chicken Meatball Tikka Masala,40 minutes,"1/2 lbs    ground chicken
1/4 large    egg
1/8 cup    plain breadcrumbs
1/4 tablespoon    tomato paste
1/4 teaspoon    salt
1/8 teaspoon    black pepper
1/4 teaspoon    garam masala
3/4 tablespoons   chopped fresh cilantro, plus 3/4 cup fresh chopped cilantro
1/2 tablespoons    ghee or 2   tablespoons    vegetable oil, plus 1 tablespoon
1/4 small    yellow onion, diced
3/4 garlic cloves, minced
1/4 -3      serrano chilies or 1 -3      red Thai peppers, sliced
1/2 teaspoons   freshly grated ginger
1/2 teaspoons    ground turmeric
1/4 teaspoon    curry powder
1/4 teaspoon    ground cardamom
1/4 teaspoon    garam masala
1/4 teaspoon    ground coriander
1/4 teaspoon    ground cumin
1/4 teaspoon    salt
1/8 teaspoon    fresh coarse ground black pepper
1/8 teaspoon    crushed red pepper flakes
1/2 tablespoons    tomato paste
1/4 (28   ounce) can   crushed tomatoes
1/4 cup    heavy cream
cilantro leaf (to garnish)
basmati rice (for serving)
naan bread (for serving)","In a large bowl, combine the chicken, egg, bread crumbs, tomato paste, salt, pepper, garam masala, and 3 tablespoons chopped cilantro until well incorporated. Shape into meatballs about the size of a golf ball. Set a large skillet with high sides over medium-high heat with the ghee. Once hot, sear the meatballs in batches, for about 8 minutes, turning over halfway. Transfer to a plate and continue browning the rest of the meatballs. You don't need them to be fully cooked, just brown in color. They'll continue to cook later on.
Add the remaining tablespoon ghee or oil to the same skillet over medium-high heat. Once hot, add in the onion, garlic, and peppers and cook until softened, about 3 to 5 minutes. Stir in the ginger, spices, and tomato paste. Stir and cook for about 1 to 2 minutes, or until the tomato paste has darkened. Stir in the canned tomatoes. Bring to a simmer and stir in heavy cream and 3/4 cup cilantro.
Place the meatballs into the sauce, lower the flame and simmer until the sauce has reduced slightly and thickened and the meatballs have fully cooked through, about 30 to 40 minutes.
Garnish with fresh cilantro leaves. Serve the masala with cooked basmati rice and naan.","gluten free, nut free, spicy, traditional",Dinner
Rogan Josh,2 hours 30 minutes,"5/8 cm    fresh ginger, peeled and coarsely chopped
2 garlic cloves, peeled
1 tablespoons    water
275/4 -425   ml    water
5/2 tablespoons    vegetable oil
1/4 kg    stewing beef or 1   kg   diced chicken
5/2 whole cardamom pods
1/2 bay leaves
3/2 whole cloves
5/2 peppercorns
5/8 cm    cinnamon sticks
1 medium    onions, peeled and finely chopped
1/4 teaspoon    ground coriander
1/2 teaspoons    cumin seeds
1 teaspoons    paprika
1/4 teaspoon    cayenne pepper
1/4 teaspoon    salt
3/2 tablespoons    plain yogurt
1/16 teaspoon    garam masala
fresh ground pepper","Put the ginger, garlic, and 4 tablespoons of water into the blender. Blend well until you have a smooth paste.
Heat oil in a wide heavy pot over a medium heat, brown the meat cubes in serveral batches and set to one side.
Put the cardamom, bay leaves, cloves, peppercons and cinnamon into the same hot oil. stir once and wait until the cloves swell and the bay leaves begin to take on colour.
Now put in the onions. Stir and fry for 5 minutes until they turn a medium brown colour.
Put in the ginger garlic paste and stir for 30 seconds.
Add the coriander, cumin, paprika-cayenne, and salt. Stir and fry for 30 seconds.
Add the fried meat cubes and juices.
Stir for 30 seconds, now add 1 tablespoon of yoghurt, stir until well blended .
Add the remaining yoghurt, a tablespoon at a time in the same way. Stir and fry for another 3 minutes.
Now add 275ml of water if you're cooking lamb or chicken and 425ml of water if you're cooking beef. Bring to the boil, scraping all the browned spices off the sides and bottom of the pot. Cover and cook on low for an hour if you're cooking chicken or lamb and 2 hours if cooking beef, (or until meat is tender.).
Every 10 minutes give the meat a good stir. When the meat is tender take off the lid, turn the heat up to medium, and boil away some of the liquid.
All the fat that collects in the pot may be spooned off the top.
Sprinkle the garam masala and black pepper over the meat before you serve and mix them inches.","gluten free, low oil, nut free, spicy, traditional",Dinner
Saag Bhaji,10 minutes,"1/4 (16   ounce) bag   frozen chopped spinach
1/4 generous pinch of black cumin seed (kala jeera)
5/4 -6      whole dried chilies
salt
1/4 -2   tablespoon    canola oil","1) In a medium sized skillet or frying pan, heat up the canola oil on medium heat.
2) Add the generous pinch of black cumin seed (kala jeera - you can find this in most South Asian grocery stores). Stir around a little. There will be a small sizzle.
3) Add the dried chilies either whole or torn up. Stir until fragrant.
4) Add the whole bag of frozen spinach. No need to thaw. Toss and stir until the spinach softens.
5) Keep stirring the spinach until it is cooked to the consistency you prefer. Cook longer for a drier consistency. At this point, add salt to taste and stir/toss the spinach.
6) Total cook time should be somewhere between 10-15 minutes. You can serve this immediately, but this also heats up well. My mother also makes this with shrimp, which you would add prior to the spinach. You could also mix in some fried up frozen shredded hash brown after the spinach is done.","vegetarian, vegan, gluten free, dairy free, low oil, nut free, spicy, traditional",Lunch
Vada Pav - the Indian Burger,50 minutes,"1/2 tablespoons    vegetable oil
1/4 teaspoon    cumin seed
1/16 cup    red onion, minced
1/4 garlic clove, minced
1/8 teaspoon    black salt
1/4 teaspoon    sugar
1/8 teaspoon    ground turmeric
1/4 teaspoon   dried mango powder
1/8 teaspoon    red chili powder or 1/2  teaspoon    red chili pepper flakes, less if you like less heat
1/2 medium    idaho potatoes, boiled peeled mashed
1/2 tablespoons    dry roasted peanuts, chopped
1/4 tablespoon    cilantro, minced
1/2 tablespoons    unsalted margarine
1 hamburger buns or 8   slices   pav bread
1 teaspoons   store bought tamarind-date chutney
1 teaspoons   mint cilantro chutney
1/4 tablespoon    sev
1/4 cup   packed cilantro
1/4 cup   packed mint (leaves only)
1/16 small    red onion, peeled and sliced
1/4 tablespoon   dried pomegranate seeds (optional)
1/2 tablespoons    fresh lemon juice
1/8 teaspoon    table salt
1/2 tablespoons    water","Blend the cilantro, mint, chile, onion, pomegranate seeds (if using), lemon juice, and salt in a blender to a smooth paste. To aid in the blending process, you can add up to 2 tablespoons of water, if needed. Taste and add more salt if needed.14.
Transfer to a covered container and chill for about 30 minutes. Serve cool. This chutney will keep, refrigerated, for 4 days.
When ready to make, heat the vegetable oil in a large skillet over medium heat until it shimmers.
Add the cumin seeds. As soon as they begin to sizzle add the onion and garlic. Cook for 1 to 2 minutes, until the onion just begins to change color.
Add the black salt, sugar, turmeric, mango powder, chile powder, and potatoes. Mix well.
Continue to cook for 1 to 2 minutes, until the mixture has completely heated through.
Remove from heat and allow the mixture to come to room temperature.
When you are ready to serve, reheat the potato mixture. It should be warmed through but not hot.
Add the peanuts and cilantro to the potato mixture. Mix well and divide the mixture into four equal portions. Flatten them as you would hamburger patties. These are very delicate patties, so be gentle. Set the patties aside.
Heat a large skillet or griddle over medium heat. Butter the inside of your buns. Place the buns buttered side down in the skillet and toast until golden. Remove from heat.
Spread about 1 teaspoon of the tamarind-date chutney on one side of the bun and 1 teaspoon of the mint-cilantro chutney on the other side.
Place the patty on top of one of the bun halves, sprinkling some sev on top, and close with the other side of the bun. Serve immediately.","vegetarian, vegan, gluten free, dairy free, spicy, traditional",Lunch
Perfect Dosa,24 hours 2 minutes,"1/30 cup    urad dal flour
1/10 cups    rice flour
1/5 cups    buttermilk
1/30 tablespoon    salt, more salt if needed
1/30 teaspoon    fenugreek seeds
vegetable oil","Mix the urad dal flour and rice flour.
Slowly add in buttermilk until it drops from the spoon smoothly.  A blender will ease this process.
Add salt and fenugreek seeds to taste.
Refrigerate batter overnight in an air-tight container.
Heat oil in pan.  Pour the dosa into the pan quickly.  Use the bottom of a ladle to spread it thin and GENTLY smooth it out in a circle motion.  Too hard and you will tear the dosa.","vegetarian, gluten free, nut free, mild, traditional",Breakfast
Gobi Manchurian (Cauliflower in a Sweet Sour Spicy Sauce),40 minutes,"1/4 medium    cauliflower, cut into florets
oil (for deep frying)
1/6 cup    all-purpose flour
1/8 cup    cornstarch
1/2 tablespoons    sriracha sauce (Huy Fong recommended)
salt & freshly ground black pepper, to taste
1/8 cup    water
1/4 tablespoon    vegetable oil
1 small    spring onions, white part finely chopped
1 small    spring onions, green part finely chopped
1/4 teaspoon    ginger paste
1/4 teaspoon    garlic paste
1/2 tablespoons    soy sauce
1/2 tablespoons    ketchup
1/2 tablespoons    sriracha sauce (Huy Fong recommended)
1/2 tablespoons    white vinegar
1/4 teaspoon    sesame seeds, divided
salt & freshly ground black pepper, to taste","Cut the cauliflower into medium to large size florets &amp; wash them thoroughly. Allow them to dry completely before adding them to the batter. If there is any water remaining in the florets it will make the batter runny.
Mix all batter ingredients together. Add the water last, slowly to create a fairly thick batter. Add the dry cauliflower florets &amp; mix well so that each floret gets well coated with the batter. Marinate for between 30 minutes to 4 hours.
When ready to make the dish, heat oil in a deep sided pan on medium-high heat. Once the oil is hot, lower the heat to medium and add the florets a few at a time deep frying until golden brown and crispy. Don&rsquo;t fry them on high flame as the cauliflower needs to be cooked from inside too.
Remove on absorbent paper to drain any excess oil. Continue frying the remaining florets in similar manner. Keep these crunchy florets aside.
In a small container, mix the soy sauce, ketchup, sriracha sauce and white vinegar. Set aside.
Heat oil in a large frying pan or skillet. Add ginger, garlic paste and white part of the spring onions. Saute for two minutes then add the sauce. Mix well and saute for 1 min until the sauce thickens. Add 1/2 tsp sesame seeds (reserve 1/2 tsp sesame seeds for garnishing) along with the salt &amp; pepper, to taste.
Just before serving, increase the heat to high and add the crunchy florets into the sauce. Stir fry for 2 mins so that the florets get well coated with the sauce.  Garnish with the spring onion greens and remaining sesame seeds.  Serve hot.","vegetarian, vegan, gluten free, dairy free, nut free, spicy",Dinner
Appams,17 hours,"1/4 glasses    rice
1/16 medium    coconut
1/8 cup    cooked rice
1/8 glass    milk
1/4 -3   teaspoons    sugar
salt
1/8 pinch    baking soda or 1/4  teaspoon    dry active yeast","Soak the raw rice in water for around 3-4 hours.
Scrape the coconut.
Grind the rice with the coconut and the cooked rice till very fine.
Keep it overnight or for 8 hours (not refrigerated) Early next morning (three hours before making the appams) add 1 glass of boiling hot milk to the batter and the sugar, salt and yeast/cooking soda (I prefer the yeast) Mix well (add more milk if required to get the consitency of pourable batter) Cover and keep aside for 3 hours.
Now heat a non stick wok.
(kadhai) Pour a ladle full of the batter into the wok and swirl the wok around so that the batter spreads around 6-8 inches in diameter.
Cover and cook on medium heat till the lower part of the appam is light brown or the top part is not moist but spongy.
The sides will seem lacey and the centre will be thick like an idli.
This dish can be served with coconut milk and powdered cardamom sweetened with jaggery and sugar or with chicken or mutton stew (Indian style with coconut milk) ANd yes do try it with maple syrup or as it is (as my son enjoys it).","vegetarian, gluten free, low oil, nut free, mild",Lunch
Cucumber Yoghurt Raita,5 minutes,"1/500 cucumber, unpeeled, seeded and grated
1/500 -2       spring onion, finely chopped
1/500 garlic clove, grated
1/1000 tablespoon    fresh ginger, grated
1/250 tablespoons    of fresh mint, finely chopped
3/500 tablespoons    lemon juice
3/4 ml    plain yogurt
salt and pepper
1/500 teaspoon    cumin seed, toasted, for garnish","Combine cucumber, spring onion, garlic, ginger, mint, lemon juice and yoghurt in a bowl.
Season with salt and pepper to taste.
Cover and refrigerate for 30 minutes to allow flavours to blend.
Sprinkle over cumin seeds just before serving and serve chilled.","vegetarian, gluten free, low oil, nut free, spicy, traditional",Lunch
Pani Puri,45 minutes,"1/4 cup    semolina
1/2 tablespoons    refined flour
1/4 pinch    baking powder
water, as required  (For Dough)
oil, for fry
salt
3/4 -4   cups    cold water
1/2 tablespoons    mint powder
1/4 -2       green chili paste
1/16 teaspoon    ginger paste
1/8 teaspoon    mango powder
1/8 teaspoon    cumin powder
1/8 teaspoon    chat masala
salt
1/4 large    potato, Boiled and Soaked
1/16 cup   yellow chickpeas, Boiled and Soaked
1/4 teaspoon    red chili powder
3/4 coriander leaves, Chopped
salt
1/4 onion, Chopped
nylon sev","Step 1: Take a bowl sieve semolina and refined flour together then add baking powder and salt as taste. Knead smooth dough with help of required water. Keep it covered and set aside for 10 -15 minutes.
Step 2: Knead the dough once again then make lemon sized balls. Roll out each ball about a 2 inch diameter thin puri with help of roller board. Repeat this with remaining dough. Make sure that remaining dough should be covered.
Step 3: Heat oil in a bottomed pan and deep fry puris from both of sides till the golden and crispy. Drain on absorbent paper
Step 4: For pani, mix mint powder, green chili paste, ginger paste, mango powder, cumin powder, chat masala and salt to taste in chilled water. Combined well.
Step 5: For filling, mix boiled potato, yellow chickpeas, red chili powder, coriander leaves and salt in a bowl. Keep aside
Step 6: Make a small hole on top of the each puri, put potato stuff inside the puri and add little pani in each puri now sprinkle onion and sev over the puris and serve.","vegetarian, vegan, gluten free, dairy free, nut free, spicy, traditional",Lunch
Tomato Poha,45 minutes,"1/3 cup    poha (flattened or beaten rice)
1/3 stalk    curry leaf, chopped
1/2 teaspoons    salt
2/3 medium    green chilies
1/3 tablespoon    lime juice
1/2 tablespoons    oil
2/3 onions, chopped
1/3 tomatoes, medium-sized,chopped
1/12 cup   ground nuts, crushed
1/12 cup    cilantro, for garnishing
1/12 teaspoon    turmeric powder
1/6 teaspoon    red chili powder
1/3 potato, small-sized,diced
1/6 teaspoon    mustard seeds
1/6 teaspoon    cumin seed","Wash poha.
Drain water.
Refresh with just sufficient water to cover poha and keep aside for 15 minutes.
After 15 minutes, drain out water completely, loosen poha and break lumps, if any.
Add salt, lime juice, turmeric powder and red chilli powder to poha.
Mix well using a spoon.
In a broad saucepan or heavy based pan, heat oil.
Add mustard and cumin seeds.
Allow to crackle.
Add onions, green chillies and curry leaves.
Stir-fry on medium-high flame until onions turn golden brown.
Add potatoes and tomatoes, mixing well.
After 3-5 minutes, add groundnuts and poha and mix well.
Cook on low flame for 5-7 minutes.
(Please keep mixing every minute in order to ensure that poha does not stick to the bottom of the vessel).
Remove from flame.
Transfer to a serving dish.
Garnish with cilantro and serve immediately.","vegetarian, vegan, gluten free, dairy free, low oil, nut free, spicy, traditional",Breakfast
Medu Vada,1 hours,"1/8 cup   split washed Urad Dal
1/8 pinch    hing
1/8 tablespoon    green chili pepper, chopped
1/8 chopped onion
1/4 tablespoons    cilantro, chopped
1/8 teaspoon    salt
oil, to fry","Wash and soak dal in about 3 cups of water for about 4-6 hours.
Drain the water and grind dal to smooth paste. Take dal batter out in a wide bowl.
Add all the ingredients to the dal batter, cilantro, green chili, coriander,hing,onion salt, 1 tbsp oil beat ,the batter for 2-3 minutes this will make the batter light and fluffy.
Keeping the right consistency of batter is very important. When you put the batter on your palm batter should hold its shape. Make the Vadas batter when you are ready to fry them.
Heat the oil in a frying pan over medium high heat.
The frying pan should have about 1 inch of oil. To check if the oil is ready, put one drop of batter in oil. The batter should sizzle and come up but not change color right away. If oil is very hot Vadas will not cook through and will not be crispy.
Wet the palms and take golf size batter and place over your palm, flatten to round shape and make hole in the center with other hand wet fingers slowly slide Vada into the hot oil.
Fry the Vadas from both sides to golden brown. Take them out over paper towel to drain access oil.
Serve Medu Vada served with coconut chutney or Tomato ketchup.","vegetarian, vegan, gluten free, dairy free, low oil, nut free, spicy",Breakfast
Flat Rice Bread from Southern India: Uttapam,1 hours,"1/8 cup    basmati rice
1/16 cup    white lentils (hulled, split urad dal)
salt
1/8 teaspoon    sugar
1/16 teaspoon    baking soda
1/8 cup   chopped onion
1/8 cup   skinned seeded and diced tomato
1/8 green chili pepper, chopped
1/16 cup   chopped fresh cilantro leaves
ghee or   vegetable oil, as desired
5/8 tablespoons    vegetable oil
3/8 dried red chilies
5/8 teaspoons    coriander seeds
1/16 teaspoon    fenugreek seeds
1/2 tablespoons    grated fresh coconut
3/32 cup    yellow lentils (toover dal)
1/16 teaspoon    ground turmeric
1/16 cup   sliced onion
1/32 teaspoon   ground asafoetida powder
1/16 cup    diced tomato
1/8 cup   diced eggplant
3/32 ounce    tamarind pulp
salt
1/16 teaspoon    sugar
1 curry leaves
1/16 teaspoon    mustard seeds","Wash the rice and lentils separately in several changes of water. Leave each to soak in a large pan of clean water for a couple of hours
Drain the rice and lentils, place in a blender, and grind to a smooth paste. Add a little water to form a thick batter
Add the salt, sugar and baking soda to the batter and mix well. Set aside to ferment at room temperature for at least 4 hours and up to 15
Place the chopped onion, diced tomatoes, chopped green chile, and chopped cilantro in separate bowls
Heat a griddle or nonstick pan. Brush with a little ghee or oil and pour in 2 to 3 tablespoons of the batter. Spread evenly with the back of a spoon into a thick circle 4 inches in diameter.
Garnish the surface with a little each of the onion, tomato, green chile, and chopped cilantro and spread evenly.
Sprinkle some of the oil or ghee over and around the bread. Cook over low heat until small bubbles appear on the surface, about 5 minutes
Turn over and cook the other side until crisp and golden. Alternatively, you can finish it off under a hot broiler for 1 to 2 minutes. Serve hot with South Indian lentil curry
Sambhar (South Indian Lentil Curry):.
Heat half the oil in a pan and add the red chiles, coriander seeds, fenugreek, and grated coconut. Cook, stirring, for 5 to 10 minutes; set aside to cool
Wash the yellow lentils in several changes of water and place in a large pan of water. Bring to a boil, add the ground turmeric, and simmer for 15 to 20 minutes
Put the coconut, chile and spice mix in a food processor or blender and process to a fine paste.
When the lentils are soft and mushy add the sliced onions, asafetida, diced tomatoes, diced eggplant, and coconut paste and continue to cook for 5 minutes. Add the tamarind pulp, salt, to taste, and sugar and simmer for 2 minutes longer
Heat the remaining oil in a separate pan and add the curry leaves and mustard seeds. When they begin to crackle, pour them over the lentils and serve immediately with plain boiled rice.","gluten free, nut free, spicy, traditional",Breakfast
Idli,15 hours 20 minutes,"1/12 cups   par-boiled cooked rice
1/36 cup    Urad Dal
1/36 -1 1/2  teaspoon    salt","Rinse rice and dal and soak in water for about 2-3 hours.
Grind mixture in a blender, adding enough water to make paste. Add salt and keep it aside to get sour for 12 hours.
Take idli plates and place a drop of oil in each idli mould and spread it over the entire mould.
Heat 2 cups of water in a large vessel or pressure cooker and place the filled idli plates and cover with lid.
Cook on high for about 20 minutes.
Remove the plates from the vessel and remove the idlis.
Pour 2 tsp of sesame oil while serving.
Side dish - Sambar, dosai milagai powder, and coconut chutney.","vegetarian, vegan, gluten free, dairy free, low oil, nut free, mild",Breakfast
Falooda -- Easy and Delicious,30 minutes,"1 glass    milk (skim to full)
1 -2   ounce    chinese noodles (or 1-2 falooda sev)
3/2 teaspoons    rose water (or rooafzah)
1/2 teaspoon    falooda seeds (or takmaria seeds) (optional)
pista, kulfi  (Indian Store, $5 for a quart) or  plain kulfi ice cream (Indian Store, $5 for a quart)","Soak the Takmaria Seeds in water for at least 1 hour.
Boil the noodles/sev in water for about 15 minutes.
Drain the water, and boil the noodles in a little milk for about 5-10 minutes on low heat.  Do not burn the noodles!
Turn off the heat and add lots of ice to the pot to cool the noodles for about 10 minute  Stir them to quicken the process.
Put the noodles in the glass, add Rooafzah/Rose Water, pour in milk, add a little crushed ice and stir.  (Rooafzah is a sweet syrup added to milk or water for a drink in itself).
Top it off with a scoop or two of the Pista Kulfi Ice cream and enjoy!","vegetarian, gluten free, low oil, nut free, mild",Dinner
Papadams,55 minutes,"1/6 cups    gram flour (chickpea flour)
1/12 teaspoon   cracked/coarsely ground black pepper
1/12 teaspoon    ground cumin
1/24 teaspoon    salt
1/12 clove    garlic, pressed
1/48 cup    water
1/12 tablespoon    water
cayenne (for dusting tops)
oil, for frying  (optional)","Stir together the flour, pepper, ground cumin seed, and salt in a large bowl or in the food processor; mix thoroughly until the spices are evenly distributed.
Add the garlic and mix well.
Add enough of the water to form a dough that will hold together in a cohesive ball; if necessary, add up to 1 additional tablespoon water.
The dough should be fairly stiff and dry; if it is too wet, it will not roll well.
Knead the dough for about 5 minutes by hand or pulse for about 15 seconds in the food processor; the dough should be smooth.
With your hands, shape the dough into a cylinder or log about 2 inches thick and 6 inches long.
With a sharp knife, cut the cylinder into 1/2-inch thick slices.
The next step uses oil, so do not use your pastry cloth and rolling pin sleeve.
Place each slice on a lightly oiled surface.
Lightly oil the top of the slice and then roll out into a very thin circle about 6 or 7 inches in diameter.
Papadams must be rolled extremely thin, maximum 1/16 inch.
If the dough sticks to your rolling pin, gently pull it off.
Dust the tops of each papadam with cayenne pepper.
Using a metal spatula to loosen the edges of the papadams from the rolling surface, carefully place them on large baking sheets.
The traditional method for preparing and frying papadams is described below; you can also bake them in a 300F oven for about 15 to 25 minutes, or until crisp and dry.
The cooking time may vary beyond this range depending upon the thickness and moisture in the rolled dough.
Cool them on a rack.
To prepare the papadams in an authentic manner, don't bake them; first allow them to dry by leaving them in the sun for a few hours or by placing them in a very low oven (less than 200F) for 1 to 2 hours, turning occasionally.
Dry the papadams until they are just slightly flexible and show no moisture; they should not brown or bake, however.
At this point, the papadams may be stacked flat and stored in an airtight container until needed; they will keep for months if stored properly.
When ready to serve, heat about 1/8 inch of oil in a large skillet; the oil should be hot, but not smoking; a drop of water flicked into the skillet should sizzle immediately.
One at a time, drop the papadams into the hot oil.
Turn the papadam when it begins to curl at the edges; it will quickly fry and become crisp.
Remove it before it turns brown.
Cool and drain the papadams on paper towels and eat them immediately.","vegetarian, vegan, gluten free, dairy free, low oil, nut free, spicy, traditional",Lunch
Venn Pongal,45 minutes,"1/4 cup    uncooked rice
1/8 cup   green gram dal (aka moong dal)
3/8 teaspoons    cumin seeds
3/8 teaspoons    black peppercorns
3 cashews, quartered
1/8 inch    fresh ginger, minced
1/4 teaspoon    salt
1/16 cup    butter (aka clarified butter) or 1/4  cup    ghee (aka clarified butter)
1 -5       curry leaves (optional)","Dry fry the green gram dal lightly.
Put the dal, salt and rice in 3 cups water and bring to a boil, stirring often. Cover and cook about 20 minutes, stirring often until rice is soft and water is absorbed.
Make a course powder of the cumin seeds and black pepper either in a morter and pestle or a spice grinder (I use a Magic Bullet).
In a pan, heat ghee or butter, fry the cashews lightly and add the spice powder until it is scalded. Add the ginger and scald a bit more.
Pour the mixture into the rice and stir well. Optionally, curry leaves may be added.","vegetarian, gluten free, spicy, traditional",Breakfast
South Indian Filter Coffee Using Italian Moka Pot (3 Cupper),12 minutes,"100 ml    water
2 tablespoons    coffee
150 ml    milk
3 teaspoons    sugar","Boil 100 ml of Water in a kettle to 100 degree Celsius/212&deg;F.
In a moka pot, there are three parts upper, middle and lower part.
Put 2 Tbsp of Coffee in the middle part(basket).Keep it aside.
Pour hot water to the lower part, from that take 1 tbsp of water and put it into the middle part containing coffee, for preinfusion.
Using fork, put holes in the preinfused coffee to facilitate free flow of water.
Now assemble the moka pot and place it in the edges of the stove for 2 mins on medium-low flame.
You can see coffee on the upper part just like fountain,in this stage switch off the stove.
mix this coffee concentrate with milk and sugar.
Hot flavorful coffee is ready.","vegetarian, gluten free, low oil, nut free, mild",Breakfast
Egg Curry,35 minutes,"8/3 hard-boiled eggs, peeled and quartered
1/3 tablespoon    oil
2/3 onions, chopped
2/3 cloves    garlic, minced
1/3 tablespoon   grated fresh ginger
1 teaspoons    coriander powder
1/3 teaspoon    turmeric
1/6 teaspoon    chili powder
1 teaspoons    cumin powder
1/6 teaspoon    salt
2/3 teaspoons    tomato paste
1/3 (14   ounce) can   chopped tomatoes, drained
1/6 cup    water
2/3 teaspoons    garam masala","In a small bowl or coffee cup, mix the coriander, turmeric, chilipowder, cumin and salt.
In a large frying pan, saute the onion, garlic and ginger in the oil until the onion softens.
Add the spice mix to the onion mix, coating all the vegetables.
Stir in the tomato paste, tomatoes and water.
Allow to gently simmer 10-15 minutes uncovered, till the sauce begins to thicken.
Gently stir in the eggs and the garam masala.
Allow the eggs to heat through, and serve immediately.","gluten free, dairy free, nut free, spicy, traditional",Dinner
Sweet Potato Curry With Spinach and Chickpeas,30 minutes,"1/12 large    sweet onions, chopped  or 2       scallions, thinly sliced
1/6 -2   teaspoon    canola oil
1/3 tablespoons    curry powder
1/6 tablespoon    cumin
1/6 teaspoon    cinnamon
5/3 ounces    fresh spinach, washed, stemmed and coarsely chopped
1/3 large    sweet potatoes, peeled and diced  (about 2 lbs)
1/6 (14 1/2  ounce) can   chickpeas, rinsed and drained
1/12 cup    water
1/6 (14 1/2  ounce) can   diced tomatoes, can substitute fresh if available
1/24 cup   chopped fresh cilantro, for garnish
basmati rice or   brown rice, for serving","You may choose to cook the sweet potatoes however you prefer.
I like to peel, chop and steam mine in a veggie steamer for about 15 minutes.
Baking or boiling work well too.
While sweet potatoes cook, heat 1-2 tsp of canola or vegetable oil over medium heat.
Add onions and saut&eacute; 2-3 minutes, or until they begin to soften.
Next, add the curry powder, cumin, and cinnamon, and stir to coat the onions evenly with spices.
Add tomatoes with their juices, and the chickpeas, stir to combine.
Add &frac12; cup water and raise heat up to a strong simmer for about a minute or two.
Next, add the fresh spinach, a couple handfuls at a time, stirring to coat with cooking liquid.
When all the spinach is added to the pan, cover and simmer until just wilted, about 3 minutes.
Add the cooked sweet potatoes to the liquid, and stir to coat.
Simmer for another 3-5 minutes, or until flavors are well combined.
Transfer to serving dish, toss with fresh cilantro, and serve hot.
This dish is nice served over basmati or brown rice.","vegetarian, vegan, gluten free, dairy free, low oil, nut free, mild, traditional",Dinner
Indian Lamb Curry,1 hours 10 minutes,"1/4 lbs    boneless lamb, trimmed of fat and cut into 1 pieces
1/24 cup    vegetable oil
1/3 bay leaves
1/6 black cardamom pod
1/6 (2   inch)    cinnamon sticks
5/3 peppercorns
2/3 whole cloves
1/4 large    onions, finely chopped
1/6 tablespoon   fresh ginger paste
1/3 teaspoons   minced garlic
1/6 green chili pepper, chopped  (optional)
salt
1/12 teaspoon    turmeric
1/3 teaspoons    coriander powder
1/6 teaspoon    cayenne pepper (optional)
1/4 teaspoons    garam masala
1/6 cup    diced tomato
1/18 cup    plain yogurt
1/3 tablespoons   chopped fresh cilantro leaves","Heat oil in large pan; add bay leaves, cardamom, cinnamon stick, peppercorns, and cloves.
When leaves begin to sizzle and fragrance starts to release, add onions and saute until light golden, about 12-15 minutes, stirring frequently.
Stir in the ginger paste, garlic, chile pepper, and lamb.
Season the lamb with salt; continue cooking, stirring mix, for about 20 minutes more, adding a little water if necessary to keep food from sticking.
Add turmeric, coriander powder, cayenne, and garam masala; stir for 5 minutes, adding 2 tablespoons water.
Add diced tomatoes, and cook for 5 minutes, stirring frequently.
Then add 4 cups of water and simmer for 15 minutes, or until meat is getting tender.
Lower heat.
Whisk the yogurt with a fork; and add to the pot slowly.
Then cook until meat is done to your liking and sauce is thickened.
Garnish with cilantro leaves.
Serve with steamed basmati rice, or hot Indian breads, such as Naan.","gluten free, low oil, nut free, spicy, traditional",Dinner
Super Easy Naan Bread,55 minutes,"3/16 cups    warm water
1/8 tablespoon    sugar
1/4 teaspoons    active dry yeast
1/8 teaspoon    salt
3/8 cups    flour, plus a few tbsp for workspace","Combine warm water, sugar, and yeast in a bowl. Let stand for 5 minutes until foamy.
Add salt and flour. Mix thoroughly. Knead dough on a floured workspace about 20 times and form into a tight ball. Put dough in a well oiled bowl and cover with a damp towel.
Put in a warm place to rise for 30-45 minutes. Dough won't rise much, but it doesn't need to.
Turn dough out onto a floured workspace. Divide dough into 8 pieces and roll out with a rolling pin to about 1/8&quot; thick.
Grill naan pieces on a grill or electric griddle. In a pinch, a frying pan sprayed with some nonstick cooking spray will work. Grill for 1-2 minutes on each side.
This recipe yields a very soft, chewey naan. Just the way I like it!","vegetarian, vegan, gluten free, dairy free, low oil, nut free, mild",Lunch
Chicken Vindaloo,1 hours 10 minutes,"1/4 -3 1/2  lb    chicken, quartered and skinned
salt & freshly ground black pepper
ghee or   butter
3/4 garlic cloves, peeled and minced
1/2 cups    yellow onions, finely chopped
1/2 tablespoons    ginger powder
1/2 teaspoons    cumin powder
1/2 teaspoons    yellow mustard seeds, ground
1/4 teaspoon    ground cinnamon
1/8 teaspoon    ground cloves
1/4 tablespoon    turmeric
3/8 teaspoons    cayenne pepper
1/4 tablespoon    paprika
1/2 teaspoons    lemon juice
1/2 tablespoons    distilled white vinegar
1/4 teaspoon    brown sugar
1/2 teaspoons    salt
1/2 cups    water
1/2 tablespoons    dried tamarind, mixed with
1/2 tablespoons    hot water, worked through a sieve, discarding the seeds","Salt and pepper the chicken quarters. Heat a large frying pan and brown the chicken in the Ghee. You will have to do this in two batches.
Remove the chicken to a 6-quart stove-top covered casserole, leaving the fat in the pan.
Add the garlic and onion to the pan and saut&eacute; until golden brown.
Add to the casserole along with the ginger, cumin, mustard seed, cinnamon, cloves, turmeric, cayenne, and paprika.
Saut&eacute; all for a few minutes and add all the remaining ingredients except for the garnishes.
Cover and simmer until the chicken is tender. about 45 minutes. Stir a few times during cooking; partially remove the lid during the last 10 minutes or so to thicken the sauce. Top with garnishes.
Ghee: Butter that is cooked to separate the clear butter fat from the milk solids and moisture, an ingenious method that allows butter to keep for long periods of time.
Tamarind: Tamarind paste and concentrate, fresh products, are available in the produce section of many ethnic markets. Both products, made from the tamarind pod, need to be reconstituted.","gluten free, nut free, spicy, traditional",Dinner
Indian Samosa,1 hours 30 minutes,"1/4 cup    all-purpose flour
1/2 tablespoons    vegetable oil
1/2 large    potatoes (boiled)
1/4 onion, chopped
1/2 green chilies, very finely chopped
3/4 tablespoons    oil
1/8 teaspoon    ginger, grated
1/8 teaspoon    garlic, crushed
coriander seed
1/4 tablespoon    cilantro, finely chopped
1/8 lemon, juice of
1/8 teaspoon    turmeric
1/8 teaspoon    garam masala
1/8 teaspoon    red chili powder
salt","Mix together the flour, oil and salt.
Add a little water, until mixture becomes crumbly.
Keep adding water, kneading the mixture till it becomes a soft pliable dough.
Cover with a moist cloth and set aside for 20 minutes.
Beat dough on a work surface and knead again.
Cover and set aside.
FILLING.
Heat 3 tbsp oil.
Add ginger, garlic, green chillies and few coriander seeds.
Stir fry for 1 minute, add onions and saute till light brown.
Add cilantro (fresh coriander), lemon juice, turmeric, red chili, salt and garam masala.
Stir fry for 2 minutes.
Add potatoes.
Stir fry for 2 minutes.
Set aside and allow to cool.
Divide dough into 10 equal portions.
Use a rolling pin, roll a piece of dough  into a 5&quot; oval.
Cut into 2 halves.
Run a moist finger along the diameter.
Roll around finger to make a cone.
Place a tablespoon of the filling into the cone.
Seal the third side using a moist finger.
Deep fry the samosas on low to medium heat until light brown.
Serve with tomato sauce or any chutney you love.","vegetarian, vegan, gluten free, dairy free, nut free, spicy, traditional",Lunch
Plain Raita,2 minutes,"1/3 cups    yoghurt (500 ml)
1/6 teaspoon    cumin seed, roasted and ground
1/4 teaspoons    salt
1/6 dash    black pepper
1/6 teaspoon    coriander leaves, finely chopped","Mix all the ingredients together in a bowl.
Keep in a cool place until needed.
Serve chilled.","vegetarian, vegan, gluten free, dairy free, low oil, nut free, spicy, traditional",Lunch
Pumpkin Chutney,1 hours 45 minutes,"5/12 lbs    pumpkin flesh, in medium dice
1/4 lbs    apples, peeled cored and diced
1/3 ounces    fresh gingerroot, grated
1/2 fresh red chilies, chopped and seeded
2/3 tablespoons    mustard seeds
1/6 liter    cider vinegar
1/6 lb    light brown sugar
1/6 teaspoon    salt","Put all of the ingredients, EXCEPT FOR THE SUGAR AND SALT, in a large pan. Bring to the boil, reduce heat and simmer till pumpkin is tender.
Add the sugar and salt, return to the boil, reduce the heat and simmer again for one hour till the mixture is thick.
ladle the chutney into hot sterilised jars and seal.
Ready to eat in four weeks and will keep for 2 years.","vegetarian, vegan, gluten free, dairy free, low oil, nut free, spicy",Lunch
Sindhi Biryani,1 hours 30 minutes,"1/20 -1 1/2  kg    mutton
1/4 cups    basmati rice (soaked in water for atleast 1/2 an hour)
1/40 kg    potato (cut into large chunks)
3/40 cups    oil
3/20 medium    onions (sliced)
1/10 teaspoons    garlic paste (Lehsan)
1/10 teaspoons    ginger (Adrak)
1/40 kg    tomatoes (chopped)
1/2 -15       prunes (Aaloobukharay)
1/10 teaspoons    salt
1/5 teaspoons    red chili powder
1/2 cloves (Laung)
2/5 green cardamoms (Chhoti Ilaichi)
1/2 pieces    black pepper (Kali Mirch)
1/10 teaspoons    cumin seeds (Zeera)
1/10 cinnamon sticks (Dalchini)
1/5 black cardamom pods (Bari Ilaichi)
1/10 bay leaves (Tez Patta)
25/2 g    yogurt
3/10 green chilies
1/10 tablespoons    coriander leaves (Dhaniya)
1/10 tablespoons    mint leaves (Podina)
3/20 teaspoons    salt
3/20 bay leaves
3/20 cinnamon sticks
1/10 black cardamom pods
1/10 pinches    orange food coloring
1/20 tablespoon    mint leaf (chopped)","Slice the onion and fry it in oil until it is light brown. Take out 1/4 of it and keep aside.
Add Garlic (Lehsan), Ginger (Adrak), tomatoes, prunes (Aaloobukharay), salt, red chili powder, cloves, cardamoms, Black Pepper, (Kali Mirch), Cumin Seeds (Zeera), cinnamon, black cardamom pods and bay leaves to the remaining fried onions.
Fry this until the tomatoes are tender and the water is dry.
Then add meat, yogurt and water (if desired) and cook on medium heat until the meat is tender and the water has evaporated.
On other side boil the potatoes until they're half cooked.
Now, add green chillies, mint, coriander leaves, and the half boiled potatoes to the meat. Simmer for 2, 3 minutes. Your meat curry is done.
Boil the rice with salt, bay leaves, cinnamon sticks and black cardamom and drain the water off when the rice is half done.
Layer the curry with the rice in a pot in one on one layers. Sprinkle the food color, fried onions, and chopped mint leaves on top of the last layer.
Close the lid tightly making sure no steam passes out of the pot and cook on low heat until the rice is done.
Gently mix it before serving.
Serve with Raita.","vegetarian, gluten free, low oil, nut free, spicy, traditional",Lunch
Potato and Coriander Samosas,1 hours 30 minutes,"25/12 g    butter
1/12 teaspoons   grated fresh ginger
1/12 teaspoons    cumin seeds
1/24 teaspoon    Madras curry powder
1/48 teaspoon    garam masala
125/6 g   peeled and finely diced waxy potatoes
1/96 cup    sultana
1/48 cup    frozen baby peas
1/48 cup    fresh coriander leaves
1/8 sliced green onions
1/24 lightly beaten egg
oil, for deep-frying  (if using puff pastry you can bake in the oven)
thick plain yogurt, to serve
155/8 g   sifted plain flour (3 3/4 cups)
1/24 teaspoon    baking powder
1/16 teaspoons    salt
55/12 g   melted butter
1/48 cup   thick plain yogurt","Heat the butter in a large frying pan, add the ginger, cumin seeds, curry powder and garam marsala and fry lightly for 1 minute or until very fragrant.
Add the potato and 3 tablespoons of water and cook over low heat for 15-20 minutes or until the potatoes are tender.
Add the sultanas, peas, coriander leaves and green onion and stir through.
Set aside to cool.
Pastry:.
Mix the flour, baking powder and salt in a large bowl- make a well in the centre.
Add the butter, yoghurt and 3/4 cup of water.
Use a flat-bladed knife to bring the dough together.
Turn onto a lightly floured surface and form a smooth ball.
Divide the dough into four pieces.
Roll out one piece until it is very thin.
Use a 12cm (5in) diameter plate as a guide and cut six circles from the dough.
Place a generous tablespoon of filling into the centre of each pastry circle.
Brush the edges with egg and fold the pastry to form a semi-circle.
Make repeated folds on the rounded edge by folding little pieces of pastry back as you move around the edge.
Continue with the remaining pastry and filling.
Heat the oil to 180C or until a bread cube browns in 15 seconds.
Add samosas two or three at a time and cook until golden.
Serve with yoghurt garnished with coriander.","gluten free, nut free, mild, traditional",Lunch
Khichdi,1 hours 10 minutes,"75 g    rice
50 g    mung beans
1/2 tablespoon    olive oil
3/8 teaspoon    whole cumin seed
1/2 small    onion, chopped
1/2 green chili pepper, finely sliced
1/2 tomatoes, peeled and chopped
1/2 teaspoon    ginger paste
1/8 teaspoon    turmeric
1/2 dash    white vinegar
salt","Combine the rice and dhal in a bowl and rinse repeatedly until the water becomes clear. Soak for 30 minutes. Drain.
Heat the oil in a frying pan and add the cumin. Fry until it starts to pop, then add the onion. Stir fry for around 4 minutes then add the tomato, ginger, chili, turmeric and vinegar. Stir fry until the tomato breaks up, around 5 minutes.
Add all the ingredients to the bowl of a rice cooker plus around 600 ml of water (enough to just cover the rice/dhal).
Cook for 10 minutes then leave to keep warm for a further 15 minutes without opening the lid.
Add a little butter, mix well and serve.","vegetarian, vegan, gluten free, dairy free, low oil, nut free, spicy, traditional",Lunch
Tandoori Paste,10 minutes,"1 teaspoon    salt
1 teaspoon    cayenne
1 teaspoon    coriander, ground
1 teaspoon    chili powder
1 teaspoon    garlic powder
1 teaspoon    dry mustard
1 teaspoon    ginger
1 teaspoon    turmeric
1 teaspoon    fennel
1 teaspoon    cumin
1 teaspoon    paprika
1/2 cup    yogurt
2 tablespoons    lime juice","Mix together salt, cayenne, coriander, chili powder, garlic powder, dry mustard, ginger, turmeric, fennel, cumin, and paprika in a food processor.
Add lime juice and yogurt when ready to make a paste; store in refrigerator.
You can use it as a rub or marinade.","vegetarian, gluten free, low oil, nut free, spicy, traditional",Lunch
Gulab Jamun,50 minutes,"1/24 liter    milk
1/16 tablespoons    flour
1/12 cups    powdered milk
1/16 tablespoons    self-rising flour
1/48 cup   warm milk
1/24 teaspoon    ghee or 1   teaspoon    butter
1/12 cups    sugar
1/12 cups    water
1/24 tablespoon    rose water or 1/2  teaspoon    rose extract
1/48 teaspoon    saffron (powdered, and optional)
1/48 teaspoon    cardamom powder (optional)
1/24 lb    butter, -unsalted is best but salted will work in a pinch","To Make Ghee: Put the butter in a good saucepan and bring to a boil on medium heat. Then reduce to low. Now this is what will happen as the butter slowly simmers. Moisture will be evaporated out of the ghee. The white protein-solids from the butter will sink down to the bottom of the pan and slowly turn golden. A foam will rise to the surface, and as it cooks will form a bit of a crust. The butter will cook into a gold color as well, and it will have a slightly nutty smell. When the moisture is gone, the ghee is done. Decant the oil and save the delicious golden buttery bits on the bottom of the pan for toast, or mixed with veggies or potatoes. If you've used salted butter, you don't want to use it on toast- the salt will knock you out, but it's still good in potatoes or whatnot.
Making the Scented Syrup: Combine sugar and water and bring to a boil for 3 minutes. Remove from heat and add rose water or essence.
Traditional Method: Use a heavy-bottomed pan because the milk will stick. Use a non-stick pot if you have it. Boil the milk down over medium heat, while stirring,  until it forms a paste.  Add the flour and mix into a smooth paste. Oil your hands and roll them into uniform balls, place them onto a buttered plate and set aside.
Powdered-Milk Method: Combine the warm milk and ghee together. Mix the powdered milk and flour together and sprinkle slowly into the wet mix to form a dough. Oil your hands and form uniform balls (about 24) and set aside on a buttered plate.
Cooking the jamuns:.
This is the most delicate part of the operation. Gentle, low heat is a must. Use a wok or karai for best results, with the ghee about 2.5-3 inches in depth.
Heat the ghee on low to 215 degrees.
Slip in the balls, one by one. They will sink. No touching at this point.
Gently shake the pan to move the balls and keep them from getting too brown on one side. After about 5 minutes they will begin to float. You will notice them getting bigger.
Now, use a wooden spoon or equivalent to gently agitate and keep them evenly browning.
The ghee will slowly get hotter as the balls cook.
After about 20 minutes, the ghee will have risen in temperature to around 245 degrees and the balls should be nice and golden.
Remove a ball and put it in the syrup. If it doesn't collapse after 3 minutes, remove the others and add to the syrup.
If it does collapse, fry for another 5 minutes and try again.
Let soak for 2 hours at least before serving.
Serve room temperature or warmed up.
Enjoy your gulab jamuns!","vegetarian, gluten free, nut free, mild, traditional",Lunch
Chapati (Indian Flat Bread),2 hours 46 minutes,"1/12 cups    whole wheat flour
1/24 cup    all-purpose flour
1/48 teaspoon    salt
1/24 cup    warm water (110Ã to 115Ã )
all-purpose flour, for kneading and shaping
usli ghee or  shortening for your griddle and to brush the chapati","In a large mixing bowl stir together the whole wheat flour, all-purpose flour, and the salt. Add 3/4 cup of the warm water while mixing constantly with your hands till the dough is moist.  Add the remaining water, 1 tbsp at a time, mixing constantly with your hands.  Keep working the dough till the dough forms a ball and holds its shape. (The dough will be stiff).
Dampen your hands.  Keep the dough in the mixing bowl to knead.  Knead in an additional 2 tbsp all-purpose flour, if necessary, to make a moderately stiff dough.  Knead dough till smooth and elastic (8 to 10 minutes). Continue dampening hands, as needed, during kneading.  The dough is ready for shaping when you can lightly and quickly press two fingertips 1/4 inch into the dough and the dough springs back.
Shape the dough into a ball.  Cover the bowl with a damp towel.  Let the dough stand in a warm place for 30 to 60 minutes.
Turn the dough out onto a lightly floured surface.  Knead dough 1 to 2 minutes more.  Divide the dough in half.  Form each half into a 12 inch long roll.  Cut each roll into 12 one-inch pieces.  Flatten each piece of dough with the palm of the hand.
Sprinkle some flour over the flattened balls.  Cover with plastic wrap.  Let rest for 30 minutes.
On a well floured surface roll the flattened ball into a circle 7 to 8 inches in diameter, turning the dough over once and firmly pressing and stretching the dough with the rolling pin.
Roll around the rolling pin, and transfer to a hot, greased griddle or heavy skillet.  Cook over medium heat about 1/2 to 1 minute or until tiny brown spots appear.  Using tongs, turn and cook 30 seconds more.  Remove from heat; Brush with Usli Ghee or melted shortening.  Repeat with the remaining balls.
Stack the hot Chapati in a napkin-lined breadbasket to keep warm.  Serve immediately.","vegetarian, low oil, nut free, mild",Lunch
Prawn (Shrimp) Pakoras,23 minutes,"1/30 kg   medium raw prawns, peeled and roughly chopped
1/30 medium    red onion, finely chopped
1/120 cup    fresh coriander, chopped
1/30 large    tomatoes, finely chopped
1/30 garlic clove, minced
1/60 teaspoon   minced ginger
1/60 teaspoon    ground red chili pepper
5/2 g    besan flour (chick pea flour)
1/240 teaspoon    bicarbonate of soda
salt
1/15 cups    vegetable oil (for deep frying)","Pulse prawns in food processor-they need to just come together not turn into a paste!
Combine the prawns and remaining ingredients except the oil.
Using a tablespoon, measure out approximately 30 balls.
Using damp hands, roll each portion into a ball; place on a plate, cover with cling film until ready to use.
Heat the oil in a wok or heavy based frypan.
Fry 6-8 balls at a time until golden brown all over. 
Drain on paper towels.
Serve hot with tomato and mint chutney.","vegetarian, vegan, gluten free, dairy free, low oil, nut free, spicy, traditional",Dinner
Aloo Channa Chaat (Tangy Potato Chickpea Snack),30 minutes,"3/8 cups    garbanzo beans (canned is fine)
1/2 medium    potatoes, peeled and diced
3/4 shallots, chopped finely
1/4 tablespoon    tamarind paste
3/2 tablespoons    water
1/8 teaspoon    mild chili powder
3/8 teaspoons    brown sugar
1/4 pinch    salt
1/2 tablespoons    fresh cilantro leaves, finely chopped","Rinse and drain the garbanzo beans; place in a bowl.
Boil water in a pan, add the diced potatoes and cook until they are soft and tender.
Remove potatoes, drain and set aside to cool.
In a small mixing bowl, mix the tamarind paste and water.
Add the chili powder, sugar and salt; mix well.
Pour the tamarind mixture on the garbanzo beans and add the potatoes, chopped onions and the cilantro.
Mix well and adjust salt to taste.
Garnish ideas: a slit green chili or a slice a tomato or a slice of lime with a sprig of mint leaves.","vegetarian, vegan, gluten free, dairy free, low oil, nut free, spicy",Lunch
Dum Aloo (Fried Potatoes in Spicy Sauce ),50 minutes,"1 baby potatoes (Boiled)
oil (for frying)
1/4 tablespoons    oil
1/8 teaspoon    cumin seed
1/8 cinnamon stick
1/4 -3       green cardamoms
1/8 medium    onion (finely chopped)
1/8 teaspoon    ginger-garlic paste
3/8 tomatoes (puried)
1/16 teaspoon    turmeric powder
3/16 tablespoons    chili powder (can be to taste)
1/8 teaspoon    coriander powder
1/8 teaspoon    fennel seed
1/4 teaspoons    garam masala (can be to taste)
salt (to taste)
water
1/16 tablespoon    sugar
cilantro","Peel the potatoes and pierce them all over with a fork.
Heat the oil in a pan for frying and deep fry the potatoes till they get a red- brown tinge.
In a separate pan, heat the 2tbsp oil on medium heat.Add cumin seeds, cardamoms and the cinnamon stick to the hot oil (the seeds should crackle).
Add onions and saute them till they become translucent.
Add the ginger garlic paste and saute them till they loose the raw smell.
Add the tomatoes and cook then covered for 5 minutes.
Add the turmeric powder, chillli powder, corriander powder, fennel seeds and garam masala, Saute the spices till the oil starts oozing out.
Add the yogurt and keep stirring the yogurt until it comes to a boil.
Now add salt and stir.
Add about 2 cups of water and bring to a rolling boil.
Add the potatoes and cook for 15 minutes on medium heat, covered.
Add sugar and cook for 5 more minutes.
Garnish with chopped cilantro.","vegetarian, vegan, gluten free, dairy free, nut free, spicy, traditional",Dinner
Chicken Korma a'la Eve,35 minutes,"1/4 medium    onion, chopped
1/4 clove    garlic, crushed
125 g   diced lean chicken
1/4 tablespoon    curry powder
1/4 tablespoon    flour
1/4 teaspoon    ground cinnamon
50 ml    chicken stock
75 ml    natural yoghurt
1/2 tablespoons   chopped fresh coriander
salt and pepper
1/4 tablespoon    vegetable oil","Heat oil in large wok or fry pan.
Fry onion until soft, add the garlic and the chicken until the chicken changes colour.
Sprinkle the curry and flour over the chicken.
Toss the chicken so that it is completely covered.
Add the cinnamon and cook for 1 minute.
Gradually add the stock, stirring well and season to taste with salt and pepper.
Simmer gently for 10 minutes until sauce thickens.
Remove pan from heat, stir in the yoghurt and coriander and serve immediately.
Serve with rice and chutney.","gluten free, dairy free, low oil, nut free, spicy, traditional",Dinner
Gajar Halva (Carrot Pudding  -  an Indian Dessert),1 hours 10 minutes,"1 medium    carrots, shredded
1/3 cups    half-and-half
1/12 cup   packed brown sugar
1/12 cup    golden raisin
1/24 cup    butter or 1/4  cup    margarine
1/12 teaspoon    ground cardamom
1/24 teaspoon    salt
1/24 cup   unsalted pistachios or 1/4  cup    slivered almonds","Heat carrots and half-and-half to boiling in saucepan; reduce heat.
Simmer uncovered, stirring frequently, until all the half &amp; half is absorbed, about 45 minutes.
Stir in the brown sugar, raisins, butter, cardamom and salt.
Cook over low heat, stirring constantly, until all of the brown sugar is dissolved and the mixture is of your desired consistency, (pudding-like) about 15 minutes.
Garnish with pistachios or slivered almonds.
Serve warm and enjoy!","vegetarian, gluten free, low oil, mild, traditional",Dinner
My Addictive Besan(Gram flour) Ladoo- will leave u licking ur fingers clean!,45 minutes,"1/5 cups    gram flour
1/10 tablespoon    almonds, powdered
1/10 tablespoon    cashews, powdered
1/20 cup    ghee
1/20 teaspoon    cardamom, powdered
1/20 cup    sugar, coarsely ground","Coarsely grind the cashews and almonds.
Keep aside.
Melt ghee in a wok.
Add besan (gram flour).
Cook on low heat till besan is fragrant and well cooked.
It takes only about 5-8 minutes.
Let it cool for a while.
Add powdered nuts, cardamom powder and sugar.
Mix well.
Shape into round balls (a little bigger than the size of a walnut) and store in an airtight container.
Serve after a few hours for greater taste!
ENJOY my most favourite dessert and think of me when you do so!","vegetarian, gluten free, low oil, mild, traditional",Dinner
Pista Cashewnut Poli / Nuts Puran Poli,1 hours,"3/8 cups    maida flour
1/8 cup    cashews
1/32 cup    pista
1/8 cup    dry coconut powder
3/16 cups    sugar
1/4 cardamom pods
1/2 tablespoons    ghee
1/8 pinch    salt
1/8 pinch    turmeric powder","Take maida in a bowl , Add ghee,.
add salt,   Turmeric powder .Add little water and  start kneading the dough.
The dough should be soft not too tight. Keep it aside for 1 hour.
Take cashewnut and pista in a Microwave  bowl.
Microwave the nuts for one minute and let it cool.
Grind the nuts  with cardamom   and dry coconut powder    into a fine powder.
Add sugar,   blend again to a fine powder  and keep aside.
Divide the dough into 8 equal portions,Dust it with  flour,.
Roll it to thin circle,add 1 tbsp nuts mixture in it and cover and seal the edges.   and roll out.
Heat a tawa and Cook on both sides and smear a tsp of ghee.
Serve hot and Enjoy.","vegetarian, low oil, mild, traditional",Dinner
Fragrant Rice Pudding With Pistachios (Kheerni),1 hours 40 minutes,"1 cups    milk
1/18 cup    basmati rice (or any long-grain rice)
1/12 cup    milk
1/24 cup    blanched almond
1/12 cup   mashed ripe banana
1/2 tablespoons    sugar
1/24 teaspoon    ground cardamom
1/24 teaspoon    saffron thread
1/2 tablespoons   coarsely ground raw unsalted pistachio nuts","Bring 6 cups milk to boil in heavy shallow 5-quart saucepan.  Rinse rice with cold water until water runs clear.  Drain.  Stir rice into milk.  Reduce heat and simmer until pudding thickens and rice is very tender, stirring frequently, about 1-1/4 hours.
Puree 1/4 cup milk and almonds in blender until smooth, stopping occasionally to scrape down sides of blender.  Add banana, sugar, cardamom and saffron and blend.  Pour into pudding.  Rinse blender with remaining 1/4 cup milk and add to pudding.  Continue simmering until thickened to consistency of tapioca, about 10 minutes.  Cool to room temperature.  Cover and refrigerate until well chilled.  
Just before serving, spoon into goblets and sprinkle with pistachios.","vegetarian, gluten free, low oil, mild, traditional",Dinner
Onion Bhaji,25 minutes,"1/2 onions (large yellow or white)
1/8 cup    vinegar
1/6 cup    flour
1/4 teaspoon    cumin powder
1/8 teaspoon    turmeric
1/8 teaspoon    chili powder (optional)
1/4 teaspoon    salt (or to taste)
1/4 quart    vegetable oil","Peel the onions and slice them so they form rings.  Slices should be as thin as possible (1/8 to 3/16&quot;).  Cut the rings to form strands about 1-2&quot; long.
Put onion in a large mixing bowl, add spices and salt and mix thoroughlly.  Put about half of the vinegar in and gradually stir in the flour until it is possible to form 1 1/2 to 2&quot; balls with the mixture.  Use flour and remaining vinegar to adjust consistency.
Heat the oil in a suitable deep fryer or pan (careful to avoid overflow when placing food in the oil.  Also have a large water-soaked towel nearby in case of spillage onto the burner).  Heat to 350&deg;F.
Form the onion/flour mixture into 1 1/2 to 2&quot; balls and carefully place them in the oil using a metal spoon or suitable tool.  Only fry enough at one time such that they don't stick to eachother.  Fry to dark golden brown.
Remove cooked bhajis from oil and drain as with other fried foods.  Serve on absorbent towel to soak up excess oil.","vegetarian, vegan, gluten free, dairy free, low oil, nut free, spicy, traditional",Lunch
Seviyan - Sweet Asian Vermicelli (Toasted),40 minutes,"1 -5   tablespoons    sunflower oil (you can use vegetable or canola too)
7/4 ounces   toasted vermicelli (Seviyan)
1/2 cups    whole milk (I use semi skimmed)
1/8 cup    sugar (you can reduce the amount to a 1/4 cup)
2 -10      whole green cardamom pods
1 tablespoons    slivered almonds
5 shelled and sliced pistachios","Place oil in a medium sauce pan, break the vermicelli into inch-long pieces (I find it easy to lay on a chopping board &amp; slice with a large chefs knife) and add to the pan. 
Cook the vermicelli over a medium heat, stirring occasionally. When the vermicelli has browned to a walnut colour -  about 5 minutes, add the milk and almonds. 
Gently bash the cardamom pods with a rolling pin or bottom of a heavy pan to release the seeds. Add the seeds to the cooking pan &amp; add the sugar. 
Cover and cook for 20 to 25 minutes over medium heat. The vermicelli will begin to soak up the milk. Check every 5 minutes to see how much milk has been absorbed &amp; be careful to stir occasionally.
When the milk is almost completely absorbed, turn the heat as low as will go &amp; cook with the lid off for around 10 minutes or until the noodles are separated. 
Serve warm in small bowls topped with the pistachios. To make this a creamy dessert, you can also spoon over a little single cream or evaporated milk!
(If using the mixed fruit &amp; nut add half of it at the time when the almonds are added &amp; the remainder to decorate like the pistachios).","vegetarian, gluten free, low oil, mild, traditional",Dinner
